energy_center_MeV,annihil,compt,conv,primary,other,total
0.002500,0.000000,0.000000,0.000000,0.000000,7.000000,7.000000
0.007500,0.000000,0.000000,0.000000,0.000000,6.000000,6.000000
0.012500,0.000000,0.000000,0.000000,0.000000,2.000000,2.000000
0.017500,0.000000,1.000000,0.000000,0.000000,3.000000,4.000000
0.022500,0.000000,0.000000,0.000000,0.000000,2.000000,2.000000
0.027500,0.000000,1.000000,0.000000,0.000000,3.000000,4.000000
0.032500,0.000000,1.000000,0.000000,0.000000,31.000000,32.000000
0.037500,0.000000,0.000000,0.000000,0.000000,2.000000,2.000000
0.042500,0.000000,0.000000,0.000000,0.000000,5.000000,5.000000
0.047500,0.000000,1.000000,0.000000,0.000000,2.000000,3.000000
0.052500,0.000000,0.000000,0.000000,0.000000,4.000000,4.000000
0.057500,0.000000,0.000000,0.000000,0.000000,3.000000,3.000000
0.062500,0.000000,0.000000,0.000000,0.000000,11.000000,11.000000
0.067500,0.000000,0.000000,0.000000,0.000000,10.000000,10.000000
0.072500,0.000000,0.000000,1.000000,0.000000,4.000000,5.000000
0.077500,0.000000,0.000000,0.000000,0.000000,4.000000,4.000000
0.082500,0.000000,0.000000,0.000000,0.000000,9.000000,9.000000
0.087500,0.000000,0.000000,0.000000,0.000000,14.000000,14.000000
0.092500,0.000000,1.000000,0.000000,0.000000,5.000000,6.000000
0.097500,0.000000,2.000000,0.000000,0.000000,8.000000,10.000000
0.102500,0.000000,0.000000,1.000000,0.000000,11.000000,12.000000
0.107500,0.000000,1.000000,0.000000,0.000000,16.000000,17.000000
0.112500,0.000000,1.000000,0.000000,0.000000,9.000000,10.000000
0.117500,1.000000,0.000000,0.000000,0.000000,20.000000,21.000000
0.122500,2.000000,0.000000,0.000000,0.000000,24.000000,26.000000
0.127500,4.000000,2.000000,0.000000,0.000000,16.000000,22.000000
0.132500,3.000000,0.000000,0.000000,0.000000,11.000000,14.000000
0.137500,4.000000,0.000000,0.000000,0.000000,17.000000,21.000000
0.142500,4.000000,0.000000,1.000000,0.000000,15.000000,20.000000
0.147500,3.000000,0.000000,2.000000,0.000000,23.000000,28.000000
0.152500,4.000000,1.000000,0.000000,0.000000,30.000000,35.000000
0.157500,2.000000,1.000000,0.000000,0.000000,21.000000,24.000000
0.162500,2.000000,0.000000,0.000000,0.000000,21.000000,23.000000
0.167500,3.000000,1.000000,0.000000,0.000000,25.000000,29.000000
0.172500,11.000000,0.000000,0.000000,0.000000,21.000000,32.000000
0.177500,18.000000,0.000000,0.000000,0.000000,27.000000,45.000000
0.182500,11.000000,1.000000,0.000000,0.000000,24.000000,36.000000
0.187500,16.000000,0.000000,0.000000,0.000000,33.000000,49.000000
0.192500,13.000000,3.000000,0.000000,0.000000,36.000000,52.000000
0.197500,15.000000,0.000000,0.000000,0.000000,18.000000,33.000000
0.202500,13.000000,1.000000,1.000000,1.000000,39.000000,55.000000
0.207500,23.000000,1.000000,1.000000,0.000000,20.000000,45.000000
0.212500,17.000000,1.000000,0.000000,0.000000,34.000000,52.000000
0.217500,29.000000,0.000000,0.000000,0.000000,31.000000,60.000000
0.222500,15.000000,0.000000,1.000000,0.000000,18.000000,34.000000
0.227500,27.000000,1.000000,2.000000,0.000000,34.000000,64.000000
0.232500,23.000000,0.000000,1.000000,1.000000,34.000000,59.000000
0.237500,16.000000,1.000000,0.000000,1.000000,23.000000,41.000000
0.242500,24.000000,0.000000,0.000000,0.000000,39.000000,63.000000
0.247500,27.000000,0.000000,0.000000,0.000000,34.000000,61.000000
0.252500,27.000000,1.000000,2.000000,0.000000,39.000000,69.000000
0.257500,24.000000,3.000000,1.000000,0.000000,35.000000,63.000000
0.262500,30.000000,0.000000,3.000000,0.000000,21.000000,54.000000
0.267500,15.000000,0.000000,0.000000,1.000000,27.000000,43.000000
0.272500,17.000000,0.000000,0.000000,0.000000,31.000000,48.000000
0.277500,23.000000,2.000000,0.000000,0.000000,26.000000,51.000000
0.282500,32.000000,2.000000,2.000000,0.000000,23.000000,59.000000
0.287500,24.000000,1.000000,1.000000,1.000000,30.000000,57.000000
0.292500,24.000000,0.000000,1.000000,0.000000,28.000000,53.000000
0.297500,31.000000,0.000000,0.000000,1.000000,27.000000,59.000000
0.302500,25.000000,1.000000,0.000000,1.000000,33.000000,60.000000
0.307500,26.000000,0.000000,0.000000,1.000000,25.000000,52.000000
0.312500,22.000000,1.000000,0.000000,1.000000,31.000000,55.000000
0.317500,29.000000,0.000000,2.000000,0.000000,26.000000,57.000000
0.322500,24.000000,0.000000,0.000000,1.000000,30.000000,55.000000
0.327500,35.000000,0.000000,0.000000,2.000000,32.000000,69.000000
0.332500,30.000000,1.000000,0.000000,2.000000,32.000000,65.000000
0.337500,36.000000,0.000000,0.000000,0.000000,38.000000,74.000000
0.342500,32.000000,0.000000,1.000000,4.000000,22.000000,59.000000
0.347500,24.000000,0.000000,0.000000,0.000000,20.000000,44.000000
0.352500,26.000000,0.000000,0.000000,0.000000,32.000000,58.000000
0.357500,30.000000,1.000000,2.000000,1.000000,29.000000,63.000000
0.362500,31.000000,1.000000,0.000000,2.000000,30.000000,64.000000
0.367500,34.000000,1.000000,2.000000,2.000000,25.000000,64.000000
0.372500,28.000000,1.000000,0.000000,2.000000,29.000000,60.000000
0.377500,32.000000,1.000000,1.000000,0.000000,24.000000,58.000000
0.382500,39.000000,0.000000,0.000000,2.000000,21.000000,62.000000
0.387500,37.000000,2.000000,0.000000,0.000000,23.000000,62.000000
0.392500,36.000000,0.000000,0.000000,1.000000,26.000000,63.000000
0.397500,41.000000,2.000000,1.000000,3.000000,26.000000,73.000000
0.402500,33.000000,0.000000,0.000000,1.000000,24.000000,58.000000
0.407500,29.000000,1.000000,0.000000,2.000000,19.000000,51.000000
0.412500,30.000000,0.000000,0.000000,2.000000,31.000000,63.000000
0.417500,34.000000,0.000000,1.000000,2.000000,26.000000,63.000000
0.422500,31.000000,1.000000,0.000000,0.000000,27.000000,59.000000
0.427500,27.000000,1.000000,0.000000,2.000000,22.000000,52.000000
0.432500,44.000000,1.000000,0.000000,5.000000,17.000000,67.000000
0.437500,29.000000,0.000000,0.000000,3.000000,16.000000,48.000000
0.442500,41.000000,0.000000,0.000000,1.000000,23.000000,65.000000
0.447500,32.000000,1.000000,3.000000,1.000000,19.000000,56.000000
0.452500,35.000000,1.000000,2.000000,2.000000,15.000000,55.000000
0.457500,30.000000,0.000000,0.000000,1.000000,14.000000,45.000000
0.462500,41.000000,0.000000,1.000000,2.000000,18.000000,62.000000
0.467500,44.000000,2.000000,0.000000,5.000000,21.000000,72.000000
0.472500,36.000000,2.000000,1.000000,3.000000,28.000000,70.000000
0.477500,35.000000,2.000000,1.000000,2.000000,14.000000,54.000000
0.482500,41.000000,2.000000,1.000000,0.000000,16.000000,60.000000
0.487500,45.000000,3.000000,0.000000,2.000000,14.000000,64.000000
0.492500,32.000000,2.000000,0.000000,2.000000,5.000000,41.000000
0.497500,48.000000,1.000000,0.000000,3.000000,16.000000,68.000000
0.502500,29.000000,0.000000,0.000000,2.000000,21.000000,52.000000
0.507500,41.000000,0.000000,0.000000,2.000000,14.000000,57.000000
0.512500,4425.000000,0.000000,0.000000,0.000000,16.000000,4441.000000
0.517500,3.000000,1.000000,0.000000,2.000000,11.000000,17.000000
0.522500,1.000000,1.000000,0.000000,3.000000,11.000000,16.000000
0.527500,6.000000,4.000000,1.000000,0.000000,14.000000,25.000000
0.532500,4.000000,1.000000,1.000000,3.000000,8.000000,17.000000
0.537500,2.000000,0.000000,1.000000,6.000000,12.000000,21.000000
0.542500,5.000000,0.000000,0.000000,3.000000,13.000000,21.000000
0.547500,4.000000,2.000000,1.000000,4.000000,12.000000,23.000000
0.552500,1.000000,0.000000,1.000000,4.000000,18.000000,24.000000
0.557500,2.000000,0.000000,1.000000,6.000000,7.000000,16.000000
0.562500,3.000000,1.000000,1.000000,4.000000,12.000000,21.000000
0.567500,4.000000,1.000000,0.000000,3.000000,9.000000,17.000000
0.572500,3.000000,0.000000,2.000000,2.000000,16.000000,23.000000
0.577500,3.000000,0.000000,1.000000,5.000000,10.000000,19.000000
0.582500,1.000000,0.000000,0.000000,7.000000,19.000000,27.000000
0.587500,5.000000,0.000000,1.000000,5.000000,15.000000,26.000000
0.592500,0.000000,0.000000,0.000000,4.000000,17.000000,21.000000
0.597500,5.000000,1.000000,1.000000,5.000000,11.000000,23.000000
0.602500,2.000000,1.000000,1.000000,3.000000,10.000000,17.000000
0.607500,2.000000,0.000000,0.000000,3.000000,16.000000,21.000000
0.612500,1.000000,0.000000,0.000000,7.000000,19.000000,27.000000
0.617500,5.000000,0.000000,0.000000,2.000000,10.000000,17.000000
0.622500,3.000000,0.000000,1.000000,5.000000,14.000000,23.000000
0.627500,2.000000,1.000000,0.000000,2.000000,20.000000,25.000000
0.632500,2.000000,1.000000,1.000000,4.000000,5.000000,13.000000
0.637500,3.000000,0.000000,2.000000,3.000000,9.000000,17.000000
0.642500,5.000000,3.000000,0.000000,6.000000,8.000000,22.000000
0.647500,3.000000,1.000000,1.000000,2.000000,11.000000,18.000000
0.652500,1.000000,1.000000,0.000000,5.000000,10.000000,17.000000
0.657500,1.000000,1.000000,1.000000,7.000000,11.000000,21.000000
0.662500,3.000000,2.000000,2.000000,4.000000,12.000000,23.000000
0.667500,1.000000,2.000000,1.000000,5.000000,7.000000,16.000000
0.672500,1.000000,1.000000,0.000000,4.000000,17.000000,23.000000
0.677500,1.000000,1.000000,0.000000,6.000000,19.000000,27.000000
0.682500,5.000000,1.000000,2.000000,5.000000,13.000000,26.000000
0.687500,3.000000,0.000000,0.000000,6.000000,9.000000,18.000000
0.692500,2.000000,1.000000,0.000000,7.000000,4.000000,14.000000
0.697500,3.000000,0.000000,0.000000,9.000000,9.000000,21.000000
0.702500,3.000000,0.000000,0.000000,6.000000,13.000000,22.000000
0.707500,2.000000,0.000000,1.000000,5.000000,8.000000,16.000000
0.712500,3.000000,1.000000,0.000000,3.000000,9.000000,16.000000
0.717500,0.000000,3.000000,0.000000,2.000000,9.000000,14.000000
0.722500,4.000000,0.000000,0.000000,9.000000,10.000000,23.000000
0.727500,4.000000,0.000000,2.000000,6.000000,6.000000,18.000000
0.732500,4.000000,2.000000,2.000000,4.000000,17.000000,29.000000
0.737500,2.000000,1.000000,0.000000,4.000000,9.000000,16.000000
0.742500,2.000000,0.000000,0.000000,8.000000,8.000000,18.000000
0.747500,7.000000,1.000000,1.000000,6.000000,10.000000,25.000000
0.752500,2.000000,1.000000,1.000000,3.000000,8.000000,15.000000
0.757500,2.000000,0.000000,3.000000,6.000000,8.000000,19.000000
0.762500,2.000000,0.000000,2.000000,9.000000,10.000000,23.000000
0.767500,2.000000,2.000000,0.000000,6.000000,8.000000,18.000000
0.772500,4.000000,1.000000,1.000000,3.000000,11.000000,20.000000
0.777500,1.000000,0.000000,1.000000,5.000000,6.000000,13.000000
0.782500,2.000000,2.000000,0.000000,6.000000,11.000000,21.000000
0.787500,1.000000,0.000000,0.000000,10.000000,6.000000,17.000000
0.792500,2.000000,2.000000,0.000000,8.000000,7.000000,19.000000
0.797500,5.000000,1.000000,0.000000,11.000000,6.000000,23.000000
0.802500,4.000000,0.000000,2.000000,7.000000,10.000000,23.000000
0.807500,0.000000,1.000000,1.000000,5.000000,10.000000,17.000000
0.812500,2.000000,0.000000,0.000000,6.000000,3.000000,11.000000
0.817500,0.000000,1.000000,0.000000,4.000000,9.000000,14.000000
0.822500,3.000000,0.000000,1.000000,11.000000,5.000000,20.000000
0.827500,1.000000,0.000000,0.000000,7.000000,7.000000,15.000000
0.832500,1.000000,1.000000,0.000000,8.000000,4.000000,14.000000
0.837500,0.000000,2.000000,0.000000,8.000000,9.000000,19.000000
0.842500,2.000000,2.000000,1.000000,8.000000,11.000000,24.000000
0.847500,2.000000,4.000000,2.000000,12.000000,10.000000,30.000000
0.852500,4.000000,0.000000,0.000000,7.000000,9.000000,20.000000
0.857500,0.000000,1.000000,1.000000,15.000000,6.000000,23.000000
0.862500,1.000000,1.000000,1.000000,15.000000,8.000000,26.000000
0.867500,1.000000,0.000000,0.000000,6.000000,9.000000,16.000000
0.872500,0.000000,0.000000,0.000000,5.000000,7.000000,12.000000
0.877500,1.000000,0.000000,1.000000,14.000000,5.000000,21.000000
0.882500,0.000000,1.000000,0.000000,11.000000,8.000000,20.000000
0.887500,0.000000,3.000000,0.000000,7.000000,5.000000,15.000000
0.892500,4.000000,0.000000,0.000000,10.000000,8.000000,22.000000
0.897500,3.000000,0.000000,2.000000,7.000000,13.000000,25.000000
0.902500,3.000000,0.000000,2.000000,9.000000,6.000000,20.000000
0.907500,2.000000,3.000000,0.000000,11.000000,2.000000,18.000000
0.912500,0.000000,0.000000,2.000000,16.000000,6.000000,24.000000
0.917500,2.000000,1.000000,0.000000,7.000000,4.000000,14.000000
0.922500,3.000000,1.000000,0.000000,13.000000,7.000000,24.000000
0.927500,1.000000,0.000000,1.000000,7.000000,5.000000,14.000000
0.932500,3.000000,0.000000,0.000000,9.000000,5.000000,17.000000
0.937500,2.000000,3.000000,3.000000,8.000000,4.000000,20.000000
0.942500,3.000000,2.000000,2.000000,10.000000,12.000000,29.000000
0.947500,1.000000,3.000000,0.000000,14.000000,7.000000,25.000000
0.952500,4.000000,1.000000,0.000000,11.000000,5.000000,21.000000
0.957500,2.000000,3.000000,0.000000,14.000000,5.000000,24.000000
0.962500,2.000000,1.000000,2.000000,10.000000,3.000000,18.000000
0.967500,2.000000,0.000000,1.000000,4.000000,4.000000,11.000000
0.972500,0.000000,1.000000,0.000000,7.000000,2.000000,10.000000
0.977500,3.000000,2.000000,0.000000,16.000000,8.000000,29.000000
0.982500,0.000000,0.000000,3.000000,13.000000,3.000000,19.000000
0.987500,0.000000,2.000000,1.000000,15.000000,8.000000,26.000000
0.992500,2.000000,0.000000,0.000000,12.000000,4.000000,18.000000
0.997500,3.000000,2.000000,0.000000,9.000000,4.000000,18.000000
1.002500,2.000000,2.000000,1.000000,14.000000,6.000000,25.000000
1.007500,2.000000,1.000000,0.000000,15.000000,3.000000,21.000000
1.012500,4.000000,0.000000,1.000000,12.000000,7.000000,24.000000
1.017500,0.000000,1.000000,2.000000,10.000000,7.000000,20.000000
1.022500,0.000000,0.000000,0.000000,6.000000,5.000000,11.000000
1.027500,2.000000,0.000000,0.000000,11.000000,4.000000,17.000000
1.032500,1.000000,1.000000,0.000000,9.000000,1.000000,12.000000
1.037500,0.000000,2.000000,1.000000,17.000000,6.000000,26.000000
1.042500,3.000000,0.000000,1.000000,12.000000,2.000000,18.000000
1.047500,1.000000,0.000000,3.000000,12.000000,5.000000,21.000000
1.052500,1.000000,1.000000,1.000000,13.000000,4.000000,20.000000
1.057500,1.000000,1.000000,0.000000,17.000000,4.000000,23.000000
1.062500,1.000000,0.000000,1.000000,25.000000,11.000000,38.000000
1.067500,4.000000,2.000000,0.000000,15.000000,3.000000,24.000000
1.072500,1.000000,4.000000,0.000000,11.000000,5.000000,21.000000
1.077500,2.000000,1.000000,0.000000,14.000000,2.000000,19.000000
1.082500,2.000000,0.000000,0.000000,12.000000,4.000000,18.000000
1.087500,2.000000,1.000000,0.000000,15.000000,4.000000,22.000000
1.092500,0.000000,0.000000,1.000000,17.000000,4.000000,22.000000
1.097500,2.000000,2.000000,2.000000,15.000000,6.000000,27.000000
1.102500,2.000000,0.000000,3.000000,18.000000,2.000000,25.000000
1.107500,1.000000,0.000000,1.000000,16.000000,8.000000,26.000000
1.112500,3.000000,1.000000,0.000000,29.000000,6.000000,39.000000
1.117500,0.000000,1.000000,1.000000,16.000000,4.000000,22.000000
1.122500,0.000000,1.000000,0.000000,13.000000,3.000000,17.000000
1.127500,3.000000,0.000000,0.000000,14.000000,5.000000,22.000000
1.132500,0.000000,0.000000,0.000000,25.000000,4.000000,29.000000
1.137500,0.000000,0.000000,0.000000,19.000000,4.000000,23.000000
1.142500,0.000000,1.000000,1.000000,18.000000,4.000000,24.000000
1.147500,1.000000,0.000000,0.000000,13.000000,4.000000,18.000000
1.152500,1.000000,2.000000,3.000000,12.000000,5.000000,23.000000
1.157500,1.000000,1.000000,0.000000,14.000000,4.000000,20.000000
1.162500,2.000000,2.000000,0.000000,20.000000,1.000000,25.000000
1.167500,0.000000,3.000000,0.000000,19.000000,3.000000,25.000000
1.172500,2.000000,2.000000,1.000000,16.000000,6.000000,27.000000
1.177500,0.000000,2.000000,0.000000,13.000000,4.000000,19.000000
1.182500,2.000000,1.000000,0.000000,5.000000,2.000000,10.000000
1.187500,2.000000,2.000000,0.000000,16.000000,6.000000,26.000000
1.192500,1.000000,0.000000,0.000000,14.000000,0.000000,15.000000
1.197500,1.000000,1.000000,1.000000,19.000000,6.000000,28.000000
1.202500,2.000000,1.000000,0.000000,20.000000,6.000000,29.000000
1.207500,2.000000,3.000000,2.000000,13.000000,4.000000,24.000000
1.212500,0.000000,1.000000,1.000000,26.000000,6.000000,34.000000
1.217500,1.000000,0.000000,4.000000,23.000000,3.000000,31.000000
1.222500,0.000000,1.000000,1.000000,20.000000,2.000000,24.000000
1.227500,2.000000,3.000000,1.000000,17.000000,3.000000,26.000000
1.232500,0.000000,0.000000,0.000000,13.000000,3.000000,16.000000
1.237500,0.000000,1.000000,0.000000,16.000000,5.000000,22.000000
1.242500,0.000000,1.000000,1.000000,14.000000,2.000000,18.000000
1.247500,2.000000,0.000000,1.000000,25.000000,4.000000,32.000000
1.252500,0.000000,0.000000,0.000000,8.000000,8.000000,16.000000
1.257500,2.000000,0.000000,0.000000,25.000000,3.000000,30.000000
1.262500,1.000000,1.000000,1.000000,20.000000,7.000000,30.000000
1.267500,0.000000,0.000000,3.000000,22.000000,1.000000,26.000000
1.272500,2.000000,0.000000,0.000000,12.000000,3.000000,17.000000
1.277500,1.000000,0.000000,1.000000,19.000000,4.000000,25.000000
1.282500,0.000000,1.000000,0.000000,20.000000,2.000000,23.000000
1.287500,0.000000,0.000000,3.000000,18.000000,2.000000,23.000000
1.292500,1.000000,2.000000,2.000000,22.000000,1.000000,28.000000
1.297500,0.000000,0.000000,1.000000,24.000000,4.000000,29.000000
1.302500,1.000000,1.000000,1.000000,23.000000,6.000000,32.000000
1.307500,1.000000,0.000000,1.000000,11.000000,5.000000,18.000000
1.312500,1.000000,1.000000,1.000000,23.000000,4.000000,30.000000
1.317500,2.000000,2.000000,0.000000,16.000000,0.000000,20.000000
1.322500,0.000000,1.000000,1.000000,20.000000,5.000000,27.000000
1.327500,0.000000,0.000000,1.000000,15.000000,2.000000,18.000000
1.332500,0.000000,0.000000,3.000000,21.000000,2.000000,26.000000
1.337500,1.000000,1.000000,1.000000,18.000000,2.000000,23.000000
1.342500,1.000000,1.000000,1.000000,19.000000,2.000000,24.000000
1.347500,1.000000,1.000000,1.000000,27.000000,1.000000,31.000000
1.352500,0.000000,1.000000,0.000000,24.000000,1.000000,26.000000
1.357500,1.000000,2.000000,0.000000,30.000000,0.000000,33.000000
1.362500,1.000000,0.000000,1.000000,25.000000,1.000000,28.000000
1.367500,0.000000,0.000000,3.000000,16.000000,5.000000,24.000000
1.372500,0.000000,0.000000,0.000000,23.000000,3.000000,26.000000
1.377500,1.000000,0.000000,2.000000,19.000000,2.000000,24.000000
1.382500,0.000000,0.000000,2.000000,27.000000,2.000000,31.000000
1.387500,1.000000,1.000000,1.000000,15.000000,2.000000,20.000000
1.392500,2.000000,0.000000,2.000000,27.000000,3.000000,34.000000
1.397500,0.000000,1.000000,1.000000,19.000000,2.000000,23.000000
1.402500,0.000000,2.000000,1.000000,27.000000,2.000000,32.000000
1.407500,0.000000,0.000000,2.000000,32.000000,2.000000,36.000000
1.412500,0.000000,1.000000,1.000000,37.000000,3.000000,42.000000
1.417500,0.000000,0.000000,1.000000,13.000000,4.000000,18.000000
1.422500,2.000000,0.000000,1.000000,26.000000,0.000000,29.000000
1.427500,0.000000,1.000000,0.000000,27.000000,3.000000,31.000000
1.432500,1.000000,0.000000,0.000000,25.000000,3.000000,29.000000
1.437500,0.000000,0.000000,1.000000,26.000000,3.000000,30.000000
1.442500,1.000000,1.000000,2.000000,20.000000,2.000000,26.000000
1.447500,1.000000,2.000000,0.000000,27.000000,5.000000,35.000000
1.452500,3.000000,0.000000,0.000000,21.000000,4.000000,28.000000
1.457500,0.000000,0.000000,1.000000,23.000000,2.000000,26.000000
1.462500,0.000000,0.000000,0.000000,27.000000,2.000000,29.000000
1.467500,0.000000,0.000000,1.000000,23.000000,1.000000,25.000000
1.472500,0.000000,0.000000,0.000000,24.000000,3.000000,27.000000
1.477500,0.000000,4.000000,0.000000,24.000000,4.000000,32.000000
1.482500,0.000000,0.000000,0.000000,21.000000,2.000000,23.000000
1.487500,0.000000,2.000000,0.000000,28.000000,3.000000,33.000000
1.492500,0.000000,0.000000,1.000000,20.000000,0.000000,21.000000
1.497500,1.000000,1.000000,1.000000,30.000000,4.000000,37.000000
1.502500,0.000000,0.000000,1.000000,30.000000,2.000000,33.000000
1.507500,1.000000,2.000000,2.000000,30.000000,1.000000,36.000000
1.512500,0.000000,0.000000,0.000000,25.000000,1.000000,26.000000
1.517500,2.000000,0.000000,1.000000,28.000000,3.000000,34.000000
1.522500,1.000000,1.000000,0.000000,36.000000,2.000000,40.000000
1.527500,1.000000,1.000000,2.000000,24.000000,1.000000,29.000000
1.532500,0.000000,2.000000,3.000000,23.000000,5.000000,33.000000
1.537500,0.000000,1.000000,3.000000,23.000000,3.000000,30.000000
1.542500,1.000000,0.000000,0.000000,14.000000,2.000000,17.000000
1.547500,2.000000,1.000000,1.000000,23.000000,2.000000,29.000000
1.552500,2.000000,0.000000,1.000000,30.000000,0.000000,33.000000
1.557500,0.000000,3.000000,0.000000,25.000000,3.000000,31.000000
1.562500,1.000000,0.000000,0.000000,26.000000,1.000000,28.000000
1.567500,1.000000,2.000000,0.000000,22.000000,2.000000,27.000000
1.572500,1.000000,0.000000,0.000000,32.000000,2.000000,35.000000
1.577500,0.000000,1.000000,0.000000,23.000000,3.000000,27.000000
1.582500,0.000000,0.000000,1.000000,24.000000,6.000000,31.000000
1.587500,1.000000,1.000000,2.000000,30.000000,2.000000,36.000000
1.592500,0.000000,1.000000,3.000000,21.000000,4.000000,29.000000
1.597500,0.000000,3.000000,2.000000,26.000000,0.000000,31.000000
1.602500,0.000000,1.000000,2.000000,20.000000,5.000000,28.000000
1.607500,0.000000,0.000000,1.000000,33.000000,2.000000,36.000000
1.612500,0.000000,1.000000,0.000000,33.000000,2.000000,36.000000
1.617500,0.000000,0.000000,3.000000,31.000000,0.000000,34.000000
1.622500,0.000000,2.000000,0.000000,26.000000,1.000000,29.000000
1.627500,0.000000,1.000000,3.000000,30.000000,1.000000,35.000000
1.632500,2.000000,0.000000,3.000000,26.000000,2.000000,33.000000
1.637500,1.000000,1.000000,0.000000,31.000000,3.000000,36.000000
1.642500,1.000000,2.000000,1.000000,22.000000,2.000000,28.000000
1.647500,1.000000,0.000000,3.000000,30.000000,1.000000,35.000000
1.652500,0.000000,0.000000,0.000000,33.000000,1.000000,34.000000
1.657500,0.000000,3.000000,1.000000,32.000000,2.000000,38.000000
1.662500,0.000000,2.000000,0.000000,22.000000,6.000000,30.000000
1.667500,0.000000,1.000000,1.000000,29.000000,1.000000,32.000000
1.672500,0.000000,1.000000,3.000000,33.000000,3.000000,40.000000
1.677500,1.000000,1.000000,0.000000,38.000000,1.000000,41.000000
1.682500,0.000000,1.000000,0.000000,34.000000,1.000000,36.000000
1.687500,0.000000,1.000000,0.000000,48.000000,3.000000,52.000000
1.692500,1.000000,0.000000,2.000000,24.000000,3.000000,30.000000
1.697500,1.000000,2.000000,0.000000,22.000000,0.000000,25.000000
1.702500,2.000000,1.000000,2.000000,37.000000,4.000000,46.000000
1.707500,0.000000,2.000000,2.000000,32.000000,0.000000,36.000000
1.712500,0.000000,0.000000,1.000000,26.000000,0.000000,27.000000
1.717500,1.000000,3.000000,0.000000,22.000000,2.000000,28.000000
1.722500,0.000000,0.000000,1.000000,32.000000,1.000000,34.000000
1.727500,0.000000,0.000000,1.000000,23.000000,3.000000,27.000000
1.732500,1.000000,0.000000,3.000000,41.000000,0.000000,45.000000
1.737500,0.000000,0.000000,0.000000,21.000000,3.000000,24.000000
1.742500,0.000000,0.000000,1.000000,38.000000,2.000000,41.000000
1.747500,1.000000,0.000000,0.000000,35.000000,1.000000,37.000000
1.752500,2.000000,1.000000,0.000000,37.000000,2.000000,42.000000
1.757500,1.000000,0.000000,1.000000,34.000000,3.000000,39.000000
1.762500,0.000000,1.000000,0.000000,23.000000,1.000000,25.000000
1.767500,1.000000,1.000000,0.000000,27.000000,1.000000,30.000000
1.772500,0.000000,3.000000,0.000000,37.000000,2.000000,42.000000
1.777500,0.000000,3.000000,0.000000,32.000000,2.000000,37.000000
1.782500,0.000000,1.000000,0.000000,36.000000,2.000000,39.000000
1.787500,1.000000,0.000000,2.000000,32.000000,0.000000,35.000000
1.792500,0.000000,0.000000,0.000000,30.000000,1.000000,31.000000
1.797500,1.000000,0.000000,0.000000,30.000000,2.000000,33.000000
1.802500,0.000000,0.000000,1.000000,31.000000,1.000000,33.000000
1.807500,0.000000,1.000000,3.000000,27.000000,1.000000,32.000000
1.812500,0.000000,0.000000,2.000000,36.000000,3.000000,41.000000
1.817500,0.000000,0.000000,2.000000,41.000000,2.000000,45.000000
1.822500,1.000000,0.000000,0.000000,45.000000,1.000000,47.000000
1.827500,1.000000,0.000000,0.000000,35.000000,3.000000,39.000000
1.832500,0.000000,0.000000,0.000000,41.000000,1.000000,42.000000
1.837500,0.000000,1.000000,0.000000,37.000000,1.000000,39.000000
1.842500,1.000000,2.000000,1.000000,39.000000,3.000000,46.000000
1.847500,0.000000,1.000000,1.000000,32.000000,0.000000,34.000000
1.852500,0.000000,0.000000,0.000000,31.000000,3.000000,34.000000
1.857500,0.000000,1.000000,0.000000,48.000000,2.000000,51.000000
1.862500,0.000000,0.000000,1.000000,40.000000,1.000000,42.000000
1.867500,0.000000,1.000000,0.000000,35.000000,2.000000,38.000000
1.872500,1.000000,3.000000,0.000000,41.000000,0.000000,45.000000
1.877500,0.000000,1.000000,0.000000,37.000000,2.000000,40.000000
1.882500,0.000000,3.000000,1.000000,50.000000,1.000000,55.000000
1.887500,0.000000,0.000000,1.000000,38.000000,1.000000,40.000000
1.892500,1.000000,1.000000,0.000000,36.000000,2.000000,40.000000
1.897500,0.000000,2.000000,3.000000,33.000000,2.000000,40.000000
1.902500,0.000000,2.000000,3.000000,38.000000,1.000000,44.000000
1.907500,0.000000,0.000000,0.000000,30.000000,1.000000,31.000000
1.912500,0.000000,0.000000,0.000000,39.000000,2.000000,41.000000
1.917500,1.000000,1.000000,0.000000,28.000000,1.000000,31.000000
1.922500,0.000000,1.000000,1.000000,35.000000,2.000000,39.000000
1.927500,0.000000,2.000000,0.000000,55.000000,0.000000,57.000000
1.932500,0.000000,0.000000,0.000000,43.000000,0.000000,43.000000
1.937500,0.000000,0.000000,2.000000,31.000000,2.000000,35.000000
1.942500,0.000000,0.000000,0.000000,41.000000,0.000000,41.000000
1.947500,1.000000,1.000000,3.000000,38.000000,0.000000,43.000000
1.952500,1.000000,0.000000,1.000000,35.000000,4.000000,41.000000
1.957500,0.000000,0.000000,1.000000,46.000000,1.000000,48.000000
1.962500,0.000000,1.000000,1.000000,43.000000,1.000000,46.000000
1.967500,0.000000,0.000000,1.000000,35.000000,1.000000,37.000000
1.972500,1.000000,0.000000,1.000000,36.000000,5.000000,43.000000
1.977500,0.000000,0.000000,1.000000,30.000000,1.000000,32.000000
1.982500,0.000000,0.000000,0.000000,35.000000,1.000000,36.000000
1.987500,0.000000,1.000000,1.000000,39.000000,3.000000,44.000000
1.992500,0.000000,2.000000,5.000000,47.000000,2.000000,56.000000
1.997500,0.000000,0.000000,1.000000,37.000000,3.000000,41.000000
2.002500,0.000000,1.000000,1.000000,41.000000,1.000000,44.000000
2.007500,0.000000,0.000000,1.000000,46.000000,2.000000,49.000000
2.012500,0.000000,1.000000,1.000000,38.000000,2.000000,42.000000
2.017500,0.000000,1.000000,0.000000,38.000000,1.000000,40.000000
2.022500,0.000000,1.000000,0.000000,37.000000,1.000000,39.000000
2.027500,1.000000,2.000000,2.000000,27.000000,0.000000,32.000000
2.032500,0.000000,1.000000,1.000000,31.000000,1.000000,34.000000
2.037500,0.000000,1.000000,0.000000,38.000000,0.000000,39.000000
2.042500,0.000000,3.000000,0.000000,38.000000,1.000000,42.000000
2.047500,0.000000,0.000000,0.000000,56.000000,0.000000,56.000000
2.052500,0.000000,3.000000,2.000000,38.000000,0.000000,43.000000
2.057500,0.000000,2.000000,2.000000,47.000000,1.000000,52.000000
2.062500,0.000000,0.000000,0.000000,39.000000,1.000000,40.000000
2.067500,0.000000,1.000000,0.000000,37.000000,2.000000,40.000000
2.072500,0.000000,1.000000,1.000000,38.000000,3.000000,43.000000
2.077500,0.000000,1.000000,0.000000,48.000000,3.000000,52.000000
2.082500,0.000000,0.000000,0.000000,44.000000,1.000000,45.000000
2.087500,0.000000,2.000000,2.000000,31.000000,4.000000,39.000000
2.092500,1.000000,0.000000,0.000000,39.000000,1.000000,41.000000
2.097500,1.000000,0.000000,0.000000,44.000000,0.000000,45.000000
2.102500,0.000000,1.000000,2.000000,42.000000,0.000000,45.000000
2.107500,0.000000,2.000000,1.000000,26.000000,1.000000,30.000000
2.112500,0.000000,1.000000,0.000000,44.000000,0.000000,45.000000
2.117500,0.000000,3.000000,0.000000,41.000000,1.000000,45.000000
2.122500,1.000000,0.000000,1.000000,45.000000,1.000000,48.000000
2.127500,0.000000,0.000000,1.000000,36.000000,1.000000,38.000000
2.132500,0.000000,0.000000,0.000000,52.000000,2.000000,54.000000
2.137500,2.000000,1.000000,1.000000,48.000000,1.000000,53.000000
2.142500,0.000000,2.000000,0.000000,23.000000,0.000000,25.000000
2.147500,0.000000,1.000000,1.000000,36.000000,1.000000,39.000000
2.152500,0.000000,0.000000,1.000000,42.000000,1.000000,44.000000
2.157500,0.000000,0.000000,0.000000,38.000000,4.000000,42.000000
2.162500,0.000000,0.000000,1.000000,42.000000,1.000000,44.000000
2.167500,0.000000,0.000000,0.000000,38.000000,0.000000,38.000000
2.172500,0.000000,0.000000,1.000000,32.000000,0.000000,33.000000
2.177500,0.000000,1.000000,1.000000,51.000000,0.000000,53.000000
2.182500,0.000000,0.000000,1.000000,39.000000,1.000000,41.000000
2.187500,0.000000,0.000000,2.000000,41.000000,0.000000,43.000000
2.192500,0.000000,0.000000,0.000000,39.000000,0.000000,39.000000
2.197500,1.000000,2.000000,0.000000,46.000000,3.000000,52.000000
2.202500,0.000000,0.000000,0.000000,51.000000,1.000000,52.000000
2.207500,0.000000,0.000000,0.000000,43.000000,0.000000,43.000000
2.212500,0.000000,1.000000,2.000000,48.000000,1.000000,52.000000
2.217500,0.000000,0.000000,0.000000,43.000000,0.000000,43.000000
2.222500,0.000000,0.000000,0.000000,44.000000,2.000000,46.000000
2.227500,0.000000,1.000000,1.000000,39.000000,0.000000,41.000000
2.232500,0.000000,0.000000,1.000000,57.000000,0.000000,58.000000
2.237500,0.000000,1.000000,0.000000,41.000000,2.000000,44.000000
2.242500,0.000000,0.000000,1.000000,46.000000,1.000000,48.000000
2.247500,0.000000,0.000000,2.000000,45.000000,2.000000,49.000000
2.252500,0.000000,0.000000,1.000000,47.000000,0.000000,48.000000
2.257500,1.000000,1.000000,1.000000,56.000000,2.000000,61.000000
2.262500,0.000000,1.000000,2.000000,43.000000,0.000000,46.000000
2.267500,0.000000,0.000000,0.000000,41.000000,2.000000,43.000000
2.272500,0.000000,2.000000,0.000000,46.000000,0.000000,48.000000
2.277500,1.000000,2.000000,1.000000,40.000000,1.000000,45.000000
2.282500,1.000000,0.000000,1.000000,46.000000,2.000000,50.000000
2.287500,1.000000,0.000000,0.000000,40.000000,0.000000,41.000000
2.292500,0.000000,1.000000,0.000000,36.000000,1.000000,38.000000
2.297500,0.000000,0.000000,1.000000,28.000000,1.000000,30.000000
2.302500,1.000000,0.000000,0.000000,40.000000,1.000000,42.000000
2.307500,0.000000,0.000000,3.000000,33.000000,0.000000,36.000000
2.312500,0.000000,0.000000,0.000000,58.000000,0.000000,58.000000
2.317500,1.000000,2.000000,1.000000,42.000000,0.000000,46.000000
2.322500,0.000000,0.000000,0.000000,49.000000,1.000000,50.000000
2.327500,1.000000,1.000000,0.000000,41.000000,0.000000,43.000000
2.332500,0.000000,0.000000,0.000000,56.000000,2.000000,58.000000
2.337500,0.000000,0.000000,0.000000,41.000000,1.000000,42.000000
2.342500,0.000000,0.000000,2.000000,45.000000,0.000000,47.000000
2.347500,0.000000,1.000000,0.000000,53.000000,0.000000,54.000000
2.352500,0.000000,1.000000,0.000000,41.000000,0.000000,42.000000
2.357500,0.000000,0.000000,0.000000,50.000000,1.000000,51.000000
2.362500,1.000000,0.000000,1.000000,44.000000,0.000000,46.000000
2.367500,0.000000,2.000000,0.000000,45.000000,0.000000,47.000000
2.372500,1.000000,0.000000,0.000000,49.000000,0.000000,50.000000
2.377500,0.000000,1.000000,1.000000,50.000000,0.000000,52.000000
2.382500,0.000000,0.000000,1.000000,58.000000,0.000000,59.000000
2.387500,0.000000,0.000000,0.000000,42.000000,0.000000,42.000000
2.392500,1.000000,1.000000,1.000000,43.000000,0.000000,46.000000
2.397500,1.000000,1.000000,3.000000,41.000000,0.000000,46.000000
2.402500,0.000000,0.000000,0.000000,52.000000,1.000000,53.000000
2.407500,0.000000,0.000000,1.000000,56.000000,2.000000,59.000000
2.412500,0.000000,1.000000,0.000000,51.000000,0.000000,52.000000
2.417500,0.000000,0.000000,0.000000,47.000000,1.000000,48.000000
2.422500,0.000000,0.000000,1.000000,57.000000,1.000000,59.000000
2.427500,0.000000,1.000000,2.000000,37.000000,3.000000,43.000000
2.432500,0.000000,0.000000,0.000000,56.000000,0.000000,56.000000
2.437500,0.000000,1.000000,1.000000,53.000000,0.000000,55.000000
2.442500,1.000000,0.000000,1.000000,59.000000,0.000000,61.000000
2.447500,1.000000,0.000000,1.000000,54.000000,2.000000,58.000000
2.452500,0.000000,0.000000,1.000000,58.000000,0.000000,59.000000
2.457500,0.000000,0.000000,3.000000,50.000000,0.000000,53.000000
2.462500,2.000000,3.000000,0.000000,56.000000,1.000000,62.000000
2.467500,0.000000,0.000000,2.000000,49.000000,0.000000,51.000000
2.472500,0.000000,0.000000,2.000000,36.000000,0.000000,38.000000
2.477500,0.000000,1.000000,0.000000,47.000000,0.000000,48.000000
2.482500,0.000000,0.000000,0.000000,51.000000,0.000000,51.000000
2.487500,1.000000,1.000000,2.000000,45.000000,1.000000,50.000000
2.492500,0.000000,1.000000,0.000000,35.000000,2.000000,38.000000
2.497500,0.000000,2.000000,0.000000,38.000000,1.000000,41.000000
2.502500,1.000000,1.000000,1.000000,47.000000,1.000000,51.000000
2.507500,0.000000,1.000000,2.000000,52.000000,0.000000,55.000000
2.512500,0.000000,2.000000,2.000000,45.000000,1.000000,50.000000
2.517500,0.000000,0.000000,1.000000,41.000000,0.000000,42.000000
2.522500,0.000000,0.000000,0.000000,47.000000,1.000000,48.000000
2.527500,0.000000,1.000000,2.000000,44.000000,0.000000,47.000000
2.532500,0.000000,0.000000,1.000000,53.000000,1.000000,55.000000
2.537500,0.000000,0.000000,0.000000,42.000000,0.000000,42.000000
2.542500,0.000000,2.000000,0.000000,59.000000,0.000000,61.000000
2.547500,0.000000,0.000000,0.000000,45.000000,0.000000,45.000000
2.552500,0.000000,0.000000,0.000000,47.000000,1.000000,48.000000
2.557500,0.000000,1.000000,0.000000,51.000000,0.000000,52.000000
2.562500,0.000000,0.000000,0.000000,57.000000,1.000000,58.000000
2.567500,0.000000,0.000000,1.000000,44.000000,0.000000,45.000000
2.572500,0.000000,0.000000,0.000000,43.000000,0.000000,43.000000
2.577500,0.000000,1.000000,0.000000,51.000000,0.000000,52.000000
2.582500,0.000000,1.000000,2.000000,49.000000,1.000000,53.000000
2.587500,1.000000,1.000000,2.000000,40.000000,1.000000,45.000000
2.592500,0.000000,0.000000,0.000000,52.000000,2.000000,54.000000
2.597500,0.000000,0.000000,0.000000,34.000000,0.000000,34.000000
2.602500,1.000000,0.000000,1.000000,35.000000,0.000000,37.000000
2.607500,0.000000,2.000000,1.000000,52.000000,0.000000,55.000000
2.612500,0.000000,1.000000,0.000000,42.000000,0.000000,43.000000
2.617500,0.000000,2.000000,1.000000,57.000000,0.000000,60.000000
2.622500,0.000000,1.000000,1.000000,58.000000,0.000000,60.000000
2.627500,0.000000,0.000000,1.000000,44.000000,3.000000,48.000000
2.632500,0.000000,0.000000,2.000000,50.000000,1.000000,53.000000
2.637500,0.000000,1.000000,1.000000,45.000000,0.000000,47.000000
2.642500,0.000000,1.000000,0.000000,56.000000,2.000000,59.000000
2.647500,0.000000,2.000000,1.000000,56.000000,0.000000,59.000000
2.652500,0.000000,1.000000,0.000000,42.000000,1.000000,44.000000
2.657500,0.000000,0.000000,1.000000,49.000000,1.000000,51.000000
2.662500,1.000000,0.000000,0.000000,59.000000,0.000000,60.000000
2.667500,0.000000,2.000000,0.000000,40.000000,1.000000,43.000000
2.672500,0.000000,1.000000,3.000000,62.000000,1.000000,67.000000
2.677500,0.000000,0.000000,1.000000,41.000000,0.000000,42.000000
2.682500,0.000000,0.000000,2.000000,64.000000,1.000000,67.000000
2.687500,1.000000,1.000000,0.000000,54.000000,1.000000,57.000000
2.692500,0.000000,2.000000,2.000000,63.000000,0.000000,67.000000
2.697500,0.000000,0.000000,0.000000,53.000000,0.000000,53.000000
2.702500,0.000000,0.000000,0.000000,55.000000,1.000000,56.000000
2.707500,0.000000,1.000000,2.000000,44.000000,0.000000,47.000000
2.712500,0.000000,1.000000,0.000000,37.000000,0.000000,38.000000
2.717500,1.000000,0.000000,1.000000,44.000000,1.000000,47.000000
2.722500,0.000000,1.000000,1.000000,50.000000,0.000000,52.000000
2.727500,0.000000,2.000000,0.000000,37.000000,0.000000,39.000000
2.732500,0.000000,0.000000,3.000000,48.000000,0.000000,51.000000
2.737500,0.000000,0.000000,1.000000,47.000000,1.000000,49.000000
2.742500,0.000000,0.000000,0.000000,51.000000,1.000000,52.000000
2.747500,0.000000,0.000000,0.000000,46.000000,1.000000,47.000000
2.752500,0.000000,0.000000,0.000000,61.000000,0.000000,61.000000
2.757500,1.000000,0.000000,2.000000,64.000000,0.000000,67.000000
2.762500,0.000000,0.000000,1.000000,51.000000,1.000000,53.000000
2.767500,0.000000,0.000000,1.000000,61.000000,0.000000,62.000000
2.772500,0.000000,2.000000,0.000000,60.000000,0.000000,62.000000
2.777500,0.000000,0.000000,1.000000,56.000000,0.000000,57.000000
2.782500,1.000000,3.000000,0.000000,47.000000,0.000000,51.000000
2.787500,0.000000,1.000000,0.000000,55.000000,1.000000,57.000000
2.792500,0.000000,2.000000,0.000000,54.000000,0.000000,56.000000
2.797500,1.000000,0.000000,0.000000,62.000000,0.000000,63.000000
2.802500,0.000000,0.000000,0.000000,43.000000,1.000000,44.000000
2.807500,0.000000,3.000000,1.000000,65.000000,0.000000,69.000000
2.812500,0.000000,0.000000,1.000000,48.000000,3.000000,52.000000
2.817500,0.000000,0.000000,0.000000,52.000000,1.000000,53.000000
2.822500,0.000000,2.000000,0.000000,47.000000,1.000000,50.000000
2.827500,0.000000,1.000000,0.000000,56.000000,1.000000,58.000000
2.832500,0.000000,0.000000,0.000000,54.000000,0.000000,54.000000
2.837500,1.000000,0.000000,0.000000,56.000000,0.000000,57.000000
2.842500,0.000000,0.000000,1.000000,54.000000,0.000000,55.000000
2.847500,0.000000,1.000000,0.000000,64.000000,0.000000,65.000000
2.852500,0.000000,0.000000,0.000000,55.000000,0.000000,55.000000
2.857500,0.000000,0.000000,1.000000,61.000000,1.000000,63.000000
2.862500,0.000000,1.000000,1.000000,48.000000,0.000000,50.000000
2.867500,0.000000,1.000000,0.000000,47.000000,1.000000,49.000000
2.872500,0.000000,2.000000,1.000000,69.000000,0.000000,72.000000
2.877500,1.000000,1.000000,1.000000,53.000000,0.000000,56.000000
2.882500,0.000000,1.000000,0.000000,54.000000,1.000000,56.000000
2.887500,1.000000,2.000000,1.000000,58.000000,0.000000,62.000000
2.892500,0.000000,0.000000,0.000000,63.000000,0.000000,63.000000
2.897500,0.000000,0.000000,0.000000,50.000000,0.000000,50.000000
2.902500,0.000000,0.000000,0.000000,42.000000,0.000000,42.000000
2.907500,1.000000,3.000000,1.000000,41.000000,0.000000,46.000000
2.912500,0.000000,0.000000,0.000000,55.000000,0.000000,55.000000
2.917500,0.000000,1.000000,0.000000,51.000000,0.000000,52.000000
2.922500,0.000000,0.000000,1.000000,51.000000,0.000000,52.000000
2.927500,0.000000,0.000000,1.000000,67.000000,2.000000,70.000000
2.932500,0.000000,1.000000,3.000000,55.000000,0.000000,59.000000
2.937500,0.000000,3.000000,0.000000,53.000000,0.000000,56.000000
2.942500,0.000000,0.000000,0.000000,60.000000,0.000000,60.000000
2.947500,0.000000,0.000000,0.000000,49.000000,0.000000,49.000000
2.952500,0.000000,0.000000,0.000000,42.000000,0.000000,42.000000
2.957500,0.000000,0.000000,1.000000,54.000000,1.000000,56.000000
2.962500,0.000000,0.000000,1.000000,57.000000,1.000000,59.000000
2.967500,0.000000,2.000000,0.000000,69.000000,0.000000,71.000000
2.972500,0.000000,0.000000,1.000000,41.000000,0.000000,42.000000
2.977500,0.000000,0.000000,1.000000,60.000000,0.000000,61.000000
2.982500,0.000000,0.000000,0.000000,53.000000,1.000000,54.000000
2.987500,0.000000,1.000000,0.000000,54.000000,0.000000,55.000000
2.992500,0.000000,3.000000,0.000000,56.000000,0.000000,59.000000
2.997500,0.000000,1.000000,0.000000,43.000000,0.000000,44.000000
3.002500,0.000000,0.000000,0.000000,63.000000,1.000000,64.000000
3.007500,0.000000,0.000000,1.000000,63.000000,0.000000,64.000000
3.012500,0.000000,1.000000,0.000000,47.000000,0.000000,48.000000
3.017500,0.000000,0.000000,1.000000,61.000000,2.000000,64.000000
3.022500,1.000000,0.000000,2.000000,59.000000,0.000000,62.000000
3.027500,0.000000,0.000000,2.000000,49.000000,0.000000,51.000000
3.032500,0.000000,1.000000,0.000000,62.000000,0.000000,63.000000
3.037500,0.000000,0.000000,0.000000,44.000000,1.000000,45.000000
3.042500,0.000000,2.000000,1.000000,56.000000,0.000000,59.000000
3.047500,0.000000,1.000000,1.000000,58.000000,1.000000,61.000000
3.052500,0.000000,0.000000,2.000000,76.000000,0.000000,78.000000
3.057500,0.000000,2.000000,1.000000,73.000000,0.000000,76.000000
3.062500,0.000000,0.000000,0.000000,56.000000,1.000000,57.000000
3.067500,0.000000,1.000000,1.000000,41.000000,1.000000,44.000000
3.072500,0.000000,0.000000,0.000000,42.000000,0.000000,42.000000
3.077500,0.000000,0.000000,2.000000,51.000000,1.000000,54.000000
3.082500,0.000000,2.000000,0.000000,53.000000,0.000000,55.000000
3.087500,0.000000,0.000000,2.000000,49.000000,0.000000,51.000000
3.092500,0.000000,0.000000,0.000000,67.000000,0.000000,67.000000
3.097500,0.000000,0.000000,1.000000,54.000000,0.000000,55.000000
3.102500,0.000000,1.000000,0.000000,49.000000,0.000000,50.000000
3.107500,0.000000,1.000000,1.000000,53.000000,0.000000,55.000000
3.112500,0.000000,2.000000,3.000000,46.000000,0.000000,51.000000
3.117500,0.000000,1.000000,1.000000,50.000000,2.000000,54.000000
3.122500,1.000000,2.000000,0.000000,40.000000,0.000000,43.000000
3.127500,1.000000,0.000000,0.000000,59.000000,0.000000,60.000000
3.132500,0.000000,0.000000,0.000000,56.000000,0.000000,56.000000
3.137500,0.000000,1.000000,0.000000,55.000000,2.000000,58.000000
3.142500,0.000000,1.000000,2.000000,64.000000,1.000000,68.000000
3.147500,0.000000,1.000000,1.000000,62.000000,0.000000,64.000000
3.152500,0.000000,1.000000,1.000000,57.000000,0.000000,59.000000
3.157500,0.000000,0.000000,0.000000,58.000000,0.000000,58.000000
3.162500,1.000000,1.000000,0.000000,57.000000,1.000000,60.000000
3.167500,0.000000,2.000000,2.000000,42.000000,0.000000,46.000000
3.172500,0.000000,2.000000,1.000000,52.000000,0.000000,55.000000
3.177500,0.000000,1.000000,0.000000,65.000000,0.000000,66.000000
3.182500,0.000000,1.000000,0.000000,61.000000,2.000000,64.000000
3.187500,0.000000,0.000000,3.000000,68.000000,1.000000,72.000000
3.192500,0.000000,2.000000,0.000000,53.000000,0.000000,55.000000
3.197500,0.000000,3.000000,0.000000,59.000000,0.000000,62.000000
3.202500,1.000000,0.000000,0.000000,54.000000,0.000000,55.000000
3.207500,0.000000,0.000000,0.000000,55.000000,0.000000,55.000000
3.212500,0.000000,0.000000,1.000000,51.000000,0.000000,52.000000
3.217500,0.000000,1.000000,0.000000,61.000000,2.000000,64.000000
3.222500,0.000000,1.000000,1.000000,54.000000,1.000000,57.000000
3.227500,0.000000,0.000000,0.000000,52.000000,1.000000,53.000000
3.232500,0.000000,0.000000,0.000000,65.000000,1.000000,66.000000
3.237500,0.000000,0.000000,2.000000,55.000000,0.000000,57.000000
3.242500,0.000000,1.000000,1.000000,53.000000,0.000000,55.000000
3.247500,0.000000,0.000000,0.000000,47.000000,0.000000,47.000000
3.252500,0.000000,1.000000,0.000000,54.000000,0.000000,55.000000
3.257500,1.000000,0.000000,0.000000,58.000000,0.000000,59.000000
3.262500,0.000000,1.000000,3.000000,50.000000,0.000000,54.000000
3.267500,0.000000,0.000000,4.000000,57.000000,0.000000,61.000000
3.272500,0.000000,0.000000,0.000000,53.000000,0.000000,53.000000
3.277500,0.000000,0.000000,0.000000,53.000000,0.000000,53.000000
3.282500,0.000000,0.000000,1.000000,47.000000,0.000000,48.000000
3.287500,0.000000,1.000000,0.000000,73.000000,0.000000,74.000000
3.292500,0.000000,2.000000,2.000000,63.000000,0.000000,67.000000
3.297500,0.000000,1.000000,0.000000,62.000000,0.000000,63.000000
3.302500,0.000000,0.000000,0.000000,59.000000,0.000000,59.000000
3.307500,0.000000,1.000000,1.000000,43.000000,0.000000,45.000000
3.312500,0.000000,0.000000,3.000000,65.000000,0.000000,68.000000
3.317500,0.000000,0.000000,0.000000,54.000000,0.000000,54.000000
3.322500,0.000000,1.000000,0.000000,70.000000,0.000000,71.000000
3.327500,0.000000,2.000000,0.000000,56.000000,0.000000,58.000000
3.332500,0.000000,2.000000,1.000000,54.000000,0.000000,57.000000
3.337500,0.000000,2.000000,1.000000,40.000000,0.000000,43.000000
3.342500,0.000000,0.000000,0.000000,58.000000,0.000000,58.000000
3.347500,0.000000,0.000000,2.000000,53.000000,1.000000,56.000000
3.352500,0.000000,0.000000,0.000000,60.000000,0.000000,60.000000
3.357500,1.000000,2.000000,2.000000,68.000000,0.000000,73.000000
3.362500,1.000000,0.000000,0.000000,58.000000,0.000000,59.000000
3.367500,0.000000,0.000000,0.000000,54.000000,0.000000,54.000000
3.372500,0.000000,0.000000,0.000000,48.000000,0.000000,48.000000
3.377500,1.000000,0.000000,2.000000,53.000000,1.000000,57.000000
3.382500,0.000000,0.000000,0.000000,63.000000,0.000000,63.000000
3.387500,0.000000,0.000000,1.000000,59.000000,0.000000,60.000000
3.392500,0.000000,0.000000,1.000000,50.000000,0.000000,51.000000
3.397500,0.000000,0.000000,0.000000,64.000000,0.000000,64.000000
3.402500,2.000000,0.000000,1.000000,58.000000,0.000000,61.000000
3.407500,0.000000,0.000000,0.000000,60.000000,0.000000,60.000000
3.412500,0.000000,2.000000,0.000000,76.000000,0.000000,78.000000
3.417500,1.000000,1.000000,0.000000,68.000000,0.000000,70.000000
3.422500,0.000000,0.000000,0.000000,65.000000,1.000000,66.000000
3.427500,0.000000,0.000000,1.000000,61.000000,0.000000,62.000000
3.432500,0.000000,0.000000,1.000000,52.000000,0.000000,53.000000
3.437500,0.000000,2.000000,1.000000,62.000000,0.000000,65.000000
3.442500,0.000000,0.000000,0.000000,55.000000,0.000000,55.000000
3.447500,0.000000,0.000000,0.000000,60.000000,1.000000,61.000000
3.452500,0.000000,0.000000,0.000000,66.000000,1.000000,67.000000
3.457500,0.000000,0.000000,0.000000,48.000000,0.000000,48.000000
3.462500,0.000000,0.000000,3.000000,61.000000,0.000000,64.000000
3.467500,0.000000,0.000000,0.000000,55.000000,0.000000,55.000000
3.472500,0.000000,0.000000,0.000000,76.000000,0.000000,76.000000
3.477500,0.000000,0.000000,0.000000,58.000000,1.000000,59.000000
3.482500,0.000000,2.000000,0.000000,61.000000,0.000000,63.000000
3.487500,0.000000,0.000000,0.000000,60.000000,0.000000,60.000000
3.492500,0.000000,1.000000,0.000000,56.000000,0.000000,57.000000
3.497500,0.000000,0.000000,0.000000,69.000000,1.000000,70.000000
3.502500,0.000000,1.000000,0.000000,55.000000,0.000000,56.000000
3.507500,0.000000,0.000000,1.000000,55.000000,0.000000,56.000000
3.512500,0.000000,0.000000,0.000000,66.000000,0.000000,66.000000
3.517500,0.000000,0.000000,0.000000,47.000000,0.000000,47.000000
3.522500,0.000000,0.000000,2.000000,63.000000,0.000000,65.000000
3.527500,0.000000,0.000000,0.000000,57.000000,0.000000,57.000000
3.532500,0.000000,1.000000,0.000000,72.000000,1.000000,74.000000
3.537500,0.000000,0.000000,0.000000,59.000000,0.000000,59.000000
3.542500,0.000000,0.000000,0.000000,72.000000,0.000000,72.000000
3.547500,0.000000,1.000000,0.000000,56.000000,0.000000,57.000000
3.552500,0.000000,2.000000,0.000000,57.000000,0.000000,59.000000
3.557500,0.000000,0.000000,1.000000,59.000000,0.000000,60.000000
3.562500,0.000000,0.000000,0.000000,59.000000,1.000000,60.000000
3.567500,0.000000,0.000000,0.000000,52.000000,0.000000,52.000000
3.572500,0.000000,1.000000,0.000000,60.000000,0.000000,61.000000
3.577500,0.000000,1.000000,0.000000,64.000000,0.000000,65.000000
3.582500,0.000000,1.000000,0.000000,53.000000,0.000000,54.000000
3.587500,0.000000,2.000000,1.000000,59.000000,0.000000,62.000000
3.592500,0.000000,0.000000,0.000000,54.000000,0.000000,54.000000
3.597500,0.000000,0.000000,0.000000,62.000000,0.000000,62.000000
3.602500,0.000000,1.000000,0.000000,60.000000,0.000000,61.000000
3.607500,0.000000,0.000000,0.000000,53.000000,0.000000,53.000000
3.612500,0.000000,1.000000,0.000000,51.000000,1.000000,53.000000
3.617500,0.000000,1.000000,0.000000,57.000000,0.000000,58.000000
3.622500,0.000000,0.000000,1.000000,60.000000,1.000000,62.000000
3.627500,0.000000,1.000000,1.000000,59.000000,0.000000,61.000000
3.632500,0.000000,0.000000,1.000000,53.000000,1.000000,55.000000
3.637500,0.000000,0.000000,0.000000,61.000000,0.000000,61.000000
3.642500,1.000000,1.000000,0.000000,57.000000,0.000000,59.000000
3.647500,0.000000,0.000000,0.000000,46.000000,0.000000,46.000000
3.652500,0.000000,1.000000,0.000000,63.000000,1.000000,65.000000
3.657500,0.000000,0.000000,0.000000,70.000000,0.000000,70.000000
3.662500,0.000000,1.000000,0.000000,78.000000,0.000000,79.000000
3.667500,0.000000,0.000000,0.000000,63.000000,1.000000,64.000000
3.672500,0.000000,0.000000,0.000000,60.000000,0.000000,60.000000
3.677500,0.000000,0.000000,0.000000,58.000000,0.000000,58.000000
3.682500,0.000000,1.000000,2.000000,57.000000,0.000000,60.000000
3.687500,1.000000,0.000000,1.000000,56.000000,0.000000,58.000000
3.692500,0.000000,0.000000,0.000000,66.000000,1.000000,67.000000
3.697500,0.000000,0.000000,0.000000,65.000000,0.000000,65.000000
3.702500,0.000000,1.000000,0.000000,73.000000,1.000000,75.000000
3.707500,0.000000,0.000000,0.000000,50.000000,0.000000,50.000000
3.712500,0.000000,1.000000,0.000000,59.000000,0.000000,60.000000
3.717500,0.000000,1.000000,0.000000,65.000000,0.000000,66.000000
3.722500,0.000000,0.000000,0.000000,72.000000,1.000000,73.000000
3.727500,0.000000,1.000000,0.000000,72.000000,0.000000,73.000000
3.732500,0.000000,0.000000,1.000000,61.000000,0.000000,62.000000
3.737500,0.000000,0.000000,0.000000,61.000000,0.000000,61.000000
3.742500,0.000000,0.000000,0.000000,74.000000,0.000000,74.000000
3.747500,0.000000,0.000000,0.000000,69.000000,0.000000,69.000000
3.752500,0.000000,0.000000,0.000000,57.000000,0.000000,57.000000
3.757500,0.000000,1.000000,0.000000,68.000000,0.000000,69.000000
3.762500,0.000000,1.000000,0.000000,66.000000,0.000000,67.000000
3.767500,0.000000,0.000000,1.000000,54.000000,1.000000,56.000000
3.772500,0.000000,0.000000,0.000000,64.000000,0.000000,64.000000
3.777500,1.000000,1.000000,0.000000,61.000000,0.000000,63.000000
3.782500,0.000000,2.000000,0.000000,51.000000,0.000000,53.000000
3.787500,0.000000,1.000000,0.000000,69.000000,1.000000,71.000000
3.792500,0.000000,0.000000,0.000000,71.000000,0.000000,71.000000
3.797500,0.000000,0.000000,0.000000,37.000000,0.000000,37.000000
3.802500,0.000000,0.000000,0.000000,53.000000,1.000000,54.000000
3.807500,0.000000,0.000000,0.000000,68.000000,0.000000,68.000000
3.812500,0.000000,0.000000,1.000000,69.000000,0.000000,70.000000
3.817500,0.000000,1.000000,0.000000,50.000000,0.000000,51.000000
3.822500,0.000000,0.000000,0.000000,51.000000,0.000000,51.000000
3.827500,0.000000,1.000000,1.000000,51.000000,0.000000,53.000000
3.832500,0.000000,0.000000,1.000000,53.000000,0.000000,54.000000
3.837500,0.000000,0.000000,1.000000,52.000000,0.000000,53.000000
3.842500,0.000000,0.000000,0.000000,50.000000,0.000000,50.000000
3.847500,0.000000,0.000000,0.000000,72.000000,0.000000,72.000000
3.852500,0.000000,1.000000,0.000000,51.000000,0.000000,52.000000
3.857500,0.000000,1.000000,0.000000,61.000000,0.000000,62.000000
3.862500,0.000000,0.000000,0.000000,54.000000,0.000000,54.000000
3.867500,1.000000,0.000000,0.000000,55.000000,0.000000,56.000000
3.872500,1.000000,1.000000,0.000000,60.000000,0.000000,62.000000
3.877500,0.000000,0.000000,0.000000,59.000000,0.000000,59.000000
3.882500,0.000000,0.000000,0.000000,59.000000,0.000000,59.000000
3.887500,0.000000,0.000000,1.000000,59.000000,0.000000,60.000000
3.892500,1.000000,1.000000,0.000000,67.000000,0.000000,69.000000
3.897500,0.000000,0.000000,0.000000,50.000000,0.000000,50.000000
3.902500,0.000000,0.000000,2.000000,55.000000,0.000000,57.000000
3.907500,0.000000,1.000000,0.000000,52.000000,0.000000,53.000000
3.912500,0.000000,0.000000,0.000000,64.000000,0.000000,64.000000
3.917500,0.000000,1.000000,0.000000,47.000000,0.000000,48.000000
3.922500,0.000000,0.000000,0.000000,62.000000,1.000000,63.000000
3.927500,0.000000,1.000000,1.000000,57.000000,0.000000,59.000000
3.932500,0.000000,0.000000,0.000000,59.000000,0.000000,59.000000
3.937500,0.000000,1.000000,0.000000,54.000000,0.000000,55.000000
3.942500,0.000000,2.000000,0.000000,55.000000,0.000000,57.000000
3.947500,1.000000,0.000000,0.000000,70.000000,0.000000,71.000000
3.952500,0.000000,0.000000,1.000000,67.000000,0.000000,68.000000
3.957500,0.000000,0.000000,0.000000,62.000000,0.000000,62.000000
3.962500,0.000000,0.000000,0.000000,64.000000,0.000000,64.000000
3.967500,1.000000,0.000000,0.000000,65.000000,0.000000,66.000000
3.972500,0.000000,0.000000,0.000000,44.000000,0.000000,44.000000
3.977500,0.000000,0.000000,0.000000,81.000000,0.000000,81.000000
3.982500,0.000000,0.000000,1.000000,49.000000,0.000000,50.000000
3.987500,0.000000,1.000000,0.000000,65.000000,0.000000,66.000000
3.992500,0.000000,0.000000,0.000000,67.000000,0.000000,67.000000
3.997500,0.000000,0.000000,0.000000,70.000000,0.000000,70.000000
4.002500,0.000000,0.000000,0.000000,51.000000,0.000000,51.000000
4.007500,0.000000,0.000000,1.000000,72.000000,0.000000,73.000000
4.012500,0.000000,1.000000,1.000000,43.000000,0.000000,45.000000
4.017500,0.000000,1.000000,0.000000,55.000000,0.000000,56.000000
4.022500,0.000000,1.000000,0.000000,57.000000,0.000000,58.000000
4.027500,0.000000,0.000000,0.000000,50.000000,0.000000,50.000000
4.032500,0.000000,0.000000,0.000000,62.000000,0.000000,62.000000
4.037500,1.000000,1.000000,0.000000,48.000000,0.000000,50.000000
4.042500,0.000000,0.000000,0.000000,61.000000,0.000000,61.000000
4.047500,0.000000,1.000000,0.000000,64.000000,0.000000,65.000000
4.052500,0.000000,0.000000,2.000000,73.000000,0.000000,75.000000
4.057500,0.000000,2.000000,0.000000,58.000000,0.000000,60.000000
4.062500,0.000000,0.000000,1.000000,61.000000,1.000000,63.000000
4.067500,0.000000,0.000000,0.000000,53.000000,0.000000,53.000000
4.072500,0.000000,1.000000,0.000000,63.000000,0.000000,64.000000
4.077500,0.000000,0.000000,0.000000,58.000000,0.000000,58.000000
4.082500,0.000000,1.000000,0.000000,53.000000,0.000000,54.000000
4.087500,0.000000,0.000000,0.000000,54.000000,0.000000,54.000000
4.092500,0.000000,1.000000,0.000000,40.000000,0.000000,41.000000
4.097500,0.000000,0.000000,0.000000,57.000000,0.000000,57.000000
4.102500,0.000000,0.000000,1.000000,69.000000,0.000000,70.000000
4.107500,0.000000,0.000000,0.000000,67.000000,0.000000,67.000000
4.112500,0.000000,0.000000,0.000000,65.000000,0.000000,65.000000
4.117500,0.000000,0.000000,0.000000,51.000000,0.000000,51.000000
4.122500,0.000000,0.000000,1.000000,58.000000,0.000000,59.000000
4.127500,0.000000,0.000000,0.000000,48.000000,0.000000,48.000000
4.132500,0.000000,0.000000,2.000000,56.000000,0.000000,58.000000
4.137500,0.000000,0.000000,0.000000,49.000000,1.000000,50.000000
4.142500,0.000000,0.000000,1.000000,67.000000,2.000000,70.000000
4.147500,0.000000,1.000000,0.000000,48.000000,0.000000,49.000000
4.152500,0.000000,0.000000,0.000000,58.000000,1.000000,59.000000
4.157500,0.000000,0.000000,2.000000,68.000000,0.000000,70.000000
4.162500,0.000000,0.000000,0.000000,67.000000,0.000000,67.000000
4.167500,0.000000,0.000000,0.000000,63.000000,0.000000,63.000000
4.172500,0.000000,0.000000,0.000000,57.000000,0.000000,57.000000
4.177500,0.000000,1.000000,0.000000,49.000000,0.000000,50.000000
4.182500,0.000000,0.000000,0.000000,55.000000,0.000000,55.000000
4.187500,0.000000,2.000000,0.000000,60.000000,0.000000,62.000000
4.192500,0.000000,0.000000,1.000000,71.000000,0.000000,72.000000
4.197500,0.000000,0.000000,0.000000,53.000000,0.000000,53.000000
4.202500,0.000000,0.000000,0.000000,50.000000,0.000000,50.000000
4.207500,0.000000,0.000000,1.000000,74.000000,0.000000,75.000000
4.212500,0.000000,0.000000,1.000000,50.000000,0.000000,51.000000
4.217500,0.000000,0.000000,0.000000,60.000000,0.000000,60.000000
4.222500,0.000000,2.000000,0.000000,68.000000,0.000000,70.000000
4.227500,0.000000,0.000000,0.000000,61.000000,0.000000,61.000000
4.232500,0.000000,0.000000,1.000000,59.000000,0.000000,60.000000
4.237500,0.000000,0.000000,0.000000,68.000000,1.000000,69.000000
4.242500,0.000000,0.000000,0.000000,51.000000,0.000000,51.000000
4.247500,0.000000,0.000000,1.000000,48.000000,0.000000,49.000000
4.252500,0.000000,0.000000,0.000000,62.000000,0.000000,62.000000
4.257500,0.000000,0.000000,1.000000,61.000000,0.000000,62.000000
4.262500,0.000000,0.000000,0.000000,51.000000,0.000000,51.000000
4.267500,0.000000,0.000000,1.000000,49.000000,0.000000,50.000000
4.272500,0.000000,0.000000,0.000000,52.000000,0.000000,52.000000
4.277500,0.000000,0.000000,0.000000,51.000000,0.000000,51.000000
4.282500,0.000000,0.000000,1.000000,54.000000,0.000000,55.000000
4.287500,0.000000,0.000000,0.000000,57.000000,0.000000,57.000000
4.292500,0.000000,0.000000,0.000000,68.000000,0.000000,68.000000
4.297500,0.000000,1.000000,0.000000,71.000000,0.000000,72.000000
4.302500,0.000000,0.000000,1.000000,49.000000,0.000000,50.000000
4.307500,0.000000,0.000000,0.000000,55.000000,0.000000,55.000000
4.312500,0.000000,0.000000,0.000000,66.000000,0.000000,66.000000
4.317500,0.000000,0.000000,0.000000,70.000000,0.000000,70.000000
4.322500,0.000000,1.000000,0.000000,60.000000,0.000000,61.000000
4.327500,1.000000,0.000000,0.000000,73.000000,0.000000,74.000000
4.332500,0.000000,1.000000,0.000000,65.000000,0.000000,66.000000
4.337500,0.000000,0.000000,0.000000,61.000000,0.000000,61.000000
4.342500,0.000000,0.000000,1.000000,52.000000,0.000000,53.000000
4.347500,0.000000,0.000000,0.000000,71.000000,0.000000,71.000000
4.352500,0.000000,1.000000,0.000000,65.000000,0.000000,66.000000
4.357500,0.000000,0.000000,0.000000,52.000000,0.000000,52.000000
4.362500,0.000000,1.000000,0.000000,67.000000,0.000000,68.000000
4.367500,0.000000,0.000000,1.000000,59.000000,0.000000,60.000000
4.372500,0.000000,1.000000,1.000000,63.000000,0.000000,65.000000
4.377500,0.000000,0.000000,0.000000,71.000000,0.000000,71.000000
4.382500,0.000000,0.000000,1.000000,52.000000,0.000000,53.000000
4.387500,0.000000,2.000000,0.000000,54.000000,0.000000,56.000000
4.392500,0.000000,1.000000,0.000000,58.000000,0.000000,59.000000
4.397500,0.000000,0.000000,0.000000,56.000000,0.000000,56.000000
4.402500,0.000000,0.000000,0.000000,60.000000,0.000000,60.000000
4.407500,0.000000,0.000000,0.000000,62.000000,0.000000,62.000000
4.412500,0.000000,1.000000,2.000000,55.000000,0.000000,58.000000
4.417500,0.000000,0.000000,0.000000,56.000000,0.000000,56.000000
4.422500,0.000000,1.000000,0.000000,59.000000,0.000000,60.000000
4.427500,0.000000,0.000000,0.000000,53.000000,0.000000,53.000000
4.432500,0.000000,0.000000,0.000000,73.000000,1.000000,74.000000
4.437500,0.000000,1.000000,0.000000,59.000000,0.000000,60.000000
4.442500,0.000000,0.000000,0.000000,48.000000,0.000000,48.000000
4.447500,0.000000,0.000000,1.000000,60.000000,0.000000,61.000000
4.452500,0.000000,0.000000,1.000000,54.000000,0.000000,55.000000
4.457500,0.000000,0.000000,1.000000,58.000000,0.000000,59.000000
4.462500,0.000000,0.000000,0.000000,60.000000,0.000000,60.000000
4.467500,0.000000,0.000000,0.000000,60.000000,0.000000,60.000000
4.472500,0.000000,0.000000,0.000000,70.000000,0.000000,70.000000
4.477500,0.000000,0.000000,0.000000,70.000000,0.000000,70.000000
4.482500,0.000000,0.000000,1.000000,62.000000,0.000000,63.000000
4.487500,0.000000,1.000000,0.000000,56.000000,0.000000,57.000000
4.492500,1.000000,1.000000,0.000000,50.000000,0.000000,52.000000
4.497500,0.000000,0.000000,0.000000,60.000000,0.000000,60.000000
4.502500,0.000000,0.000000,0.000000,55.000000,0.000000,55.000000
4.507500,0.000000,0.000000,2.000000,75.000000,0.000000,77.000000
4.512500,0.000000,0.000000,1.000000,58.000000,0.000000,59.000000
4.517500,0.000000,0.000000,0.000000,71.000000,0.000000,71.000000
4.522500,0.000000,0.000000,0.000000,46.000000,0.000000,46.000000
4.527500,0.000000,1.000000,0.000000,65.000000,0.000000,66.000000
4.532500,0.000000,0.000000,0.000000,55.000000,0.000000,55.000000
4.537500,0.000000,2.000000,0.000000,67.000000,0.000000,69.000000
4.542500,0.000000,0.000000,0.000000,70.000000,1.000000,71.000000
4.547500,0.000000,0.000000,0.000000,65.000000,0.000000,65.000000
4.552500,0.000000,1.000000,0.000000,59.000000,0.000000,60.000000
4.557500,0.000000,1.000000,0.000000,45.000000,0.000000,46.000000
4.562500,0.000000,0.000000,0.000000,79.000000,0.000000,79.000000
4.567500,0.000000,0.000000,1.000000,59.000000,0.000000,60.000000
4.572500,0.000000,0.000000,0.000000,70.000000,0.000000,70.000000
4.577500,0.000000,0.000000,0.000000,58.000000,0.000000,58.000000
4.582500,0.000000,0.000000,0.000000,60.000000,1.000000,61.000000
4.587500,0.000000,1.000000,0.000000,68.000000,0.000000,69.000000
4.592500,0.000000,0.000000,0.000000,67.000000,0.000000,67.000000
4.597500,0.000000,0.000000,0.000000,64.000000,0.000000,64.000000
4.602500,0.000000,1.000000,1.000000,64.000000,0.000000,66.000000
4.607500,0.000000,1.000000,0.000000,46.000000,0.000000,47.000000
4.612500,0.000000,0.000000,0.000000,70.000000,0.000000,70.000000
4.617500,0.000000,0.000000,0.000000,45.000000,0.000000,45.000000
4.622500,0.000000,0.000000,0.000000,59.000000,1.000000,60.000000
4.627500,0.000000,1.000000,0.000000,50.000000,0.000000,51.000000
4.632500,0.000000,0.000000,0.000000,51.000000,0.000000,51.000000
4.637500,0.000000,0.000000,0.000000,52.000000,0.000000,52.000000
4.642500,0.000000,0.000000,0.000000,69.000000,0.000000,69.000000
4.647500,0.000000,0.000000,0.000000,55.000000,0.000000,55.000000
4.652500,0.000000,0.000000,0.000000,70.000000,0.000000,70.000000
4.657500,0.000000,0.000000,0.000000,59.000000,0.000000,59.000000
4.662500,0.000000,1.000000,0.000000,50.000000,0.000000,51.000000
4.667500,0.000000,1.000000,1.000000,66.000000,0.000000,68.000000
4.672500,0.000000,0.000000,0.000000,63.000000,1.000000,64.000000
4.677500,0.000000,0.000000,1.000000,63.000000,0.000000,64.000000
4.682500,0.000000,0.000000,0.000000,50.000000,0.000000,50.000000
4.687500,0.000000,0.000000,0.000000,66.000000,0.000000,66.000000
4.692500,0.000000,0.000000,0.000000,52.000000,0.000000,52.000000
4.697500,0.000000,1.000000,0.000000,67.000000,0.000000,68.000000
4.702500,0.000000,0.000000,0.000000,63.000000,0.000000,63.000000
4.707500,0.000000,1.000000,0.000000,62.000000,0.000000,63.000000
4.712500,0.000000,0.000000,0.000000,58.000000,0.000000,58.000000
4.717500,0.000000,0.000000,0.000000,52.000000,0.000000,52.000000
4.722500,0.000000,0.000000,0.000000,66.000000,0.000000,66.000000
4.727500,0.000000,0.000000,0.000000,65.000000,0.000000,65.000000
4.732500,0.000000,0.000000,1.000000,65.000000,0.000000,66.000000
4.737500,0.000000,0.000000,0.000000,64.000000,0.000000,64.000000
4.742500,0.000000,0.000000,0.000000,65.000000,0.000000,65.000000
4.747500,0.000000,1.000000,0.000000,49.000000,0.000000,50.000000
4.752500,0.000000,0.000000,1.000000,53.000000,1.000000,55.000000
4.757500,0.000000,2.000000,0.000000,60.000000,0.000000,62.000000
4.762500,0.000000,0.000000,0.000000,57.000000,0.000000,57.000000
4.767500,0.000000,0.000000,0.000000,57.000000,0.000000,57.000000
4.772500,0.000000,2.000000,0.000000,69.000000,0.000000,71.000000
4.777500,0.000000,0.000000,0.000000,64.000000,0.000000,64.000000
4.782500,0.000000,0.000000,0.000000,62.000000,0.000000,62.000000
4.787500,0.000000,0.000000,0.000000,53.000000,0.000000,53.000000
4.792500,0.000000,0.000000,0.000000,56.000000,0.000000,56.000000
4.797500,0.000000,1.000000,0.000000,52.000000,0.000000,53.000000
4.802500,0.000000,0.000000,1.000000,64.000000,0.000000,65.000000
4.807500,0.000000,1.000000,0.000000,54.000000,0.000000,55.000000
4.812500,0.000000,0.000000,0.000000,58.000000,0.000000,58.000000
4.817500,0.000000,0.000000,0.000000,50.000000,0.000000,50.000000
4.822500,0.000000,0.000000,0.000000,49.000000,0.000000,49.000000
4.827500,0.000000,0.000000,0.000000,49.000000,0.000000,49.000000
4.832500,0.000000,1.000000,0.000000,57.000000,1.000000,59.000000
4.837500,0.000000,0.000000,0.000000,57.000000,0.000000,57.000000
4.842500,0.000000,1.000000,0.000000,51.000000,0.000000,52.000000
4.847500,0.000000,0.000000,0.000000,58.000000,0.000000,58.000000
4.852500,0.000000,0.000000,0.000000,52.000000,0.000000,52.000000
4.857500,0.000000,0.000000,0.000000,49.000000,0.000000,49.000000
4.862500,0.000000,0.000000,0.000000,48.000000,0.000000,48.000000
4.867500,0.000000,0.000000,1.000000,64.000000,0.000000,65.000000
4.872500,0.000000,0.000000,0.000000,66.000000,0.000000,66.000000
4.877500,0.000000,0.000000,0.000000,53.000000,0.000000,53.000000
4.882500,0.000000,0.000000,0.000000,69.000000,0.000000,69.000000
4.887500,0.000000,0.000000,0.000000,57.000000,0.000000,57.000000
4.892500,0.000000,0.000000,0.000000,64.000000,0.000000,64.000000
4.897500,0.000000,0.000000,0.000000,64.000000,0.000000,64.000000
4.902500,0.000000,0.000000,0.000000,63.000000,0.000000,63.000000
4.907500,0.000000,0.000000,0.000000,62.000000,0.000000,62.000000
4.912500,0.000000,0.000000,1.000000,60.000000,0.000000,61.000000
4.917500,0.000000,0.000000,0.000000,64.000000,0.000000,64.000000
4.922500,0.000000,0.000000,0.000000,58.000000,0.000000,58.000000
4.927500,0.000000,0.000000,0.000000,56.000000,0.000000,56.000000
4.932500,0.000000,0.000000,0.000000,58.000000,0.000000,58.000000
4.937500,0.000000,0.000000,0.000000,56.000000,0.000000,56.000000
4.942500,0.000000,0.000000,0.000000,65.000000,0.000000,65.000000
4.947500,0.000000,0.000000,0.000000,60.000000,0.000000,60.000000
4.952500,0.000000,0.000000,0.000000,59.000000,0.000000,59.000000
4.957500,0.000000,0.000000,0.000000,49.000000,0.000000,49.000000
4.962500,0.000000,0.000000,0.000000,63.000000,0.000000,63.000000
4.967500,0.000000,1.000000,1.000000,61.000000,0.000000,63.000000
4.972500,0.000000,1.000000,0.000000,52.000000,0.000000,53.000000
4.977500,0.000000,0.000000,0.000000,55.000000,0.000000,55.000000
4.982500,0.000000,0.000000,0.000000,59.000000,0.000000,59.000000
4.987500,0.000000,0.000000,0.000000,65.000000,1.000000,66.000000
4.992500,0.000000,0.000000,0.000000,59.000000,0.000000,59.000000
4.997500,0.000000,0.000000,0.000000,38.000000,0.000000,38.000000
5.002500,0.000000,0.000000,0.000000,58.000000,0.000000,58.000000
5.007500,0.000000,0.000000,0.000000,60.000000,0.000000,60.000000
5.012500,0.000000,1.000000,0.000000,70.000000,0.000000,71.000000
5.017500,0.000000,0.000000,0.000000,55.000000,0.000000,55.000000
5.022500,0.000000,0.000000,0.000000,54.000000,0.000000,54.000000
5.027500,0.000000,0.000000,0.000000,51.000000,0.000000,51.000000
5.032500,0.000000,0.000000,0.000000,64.000000,0.000000,64.000000
5.037500,0.000000,0.000000,1.000000,56.000000,0.000000,57.000000
5.042500,0.000000,0.000000,0.000000,58.000000,0.000000,58.000000
5.047500,0.000000,0.000000,0.000000,57.000000,0.000000,57.000000
5.052500,0.000000,1.000000,0.000000,66.000000,0.000000,67.000000
5.057500,0.000000,0.000000,0.000000,73.000000,0.000000,73.000000
5.062500,0.000000,0.000000,0.000000,56.000000,0.000000,56.000000
5.067500,0.000000,0.000000,0.000000,60.000000,0.000000,60.000000
5.072500,0.000000,0.000000,0.000000,51.000000,0.000000,51.000000
5.077500,0.000000,0.000000,0.000000,62.000000,0.000000,62.000000
5.082500,0.000000,0.000000,0.000000,54.000000,0.000000,54.000000
5.087500,0.000000,0.000000,0.000000,70.000000,0.000000,70.000000
5.092500,0.000000,1.000000,2.000000,70.000000,0.000000,73.000000
5.097500,0.000000,0.000000,0.000000,56.000000,0.000000,56.000000
5.102500,0.000000,1.000000,0.000000,49.000000,0.000000,50.000000
5.107500,0.000000,1.000000,2.000000,57.000000,0.000000,60.000000
5.112500,0.000000,0.000000,0.000000,57.000000,0.000000,57.000000
5.117500,0.000000,1.000000,0.000000,58.000000,0.000000,59.000000
5.122500,0.000000,0.000000,0.000000,47.000000,0.000000,47.000000
5.127500,0.000000,0.000000,1.000000,61.000000,0.000000,62.000000
5.132500,0.000000,0.000000,0.000000,56.000000,0.000000,56.000000
5.137500,0.000000,1.000000,1.000000,58.000000,0.000000,60.000000
5.142500,0.000000,0.000000,0.000000,54.000000,0.000000,54.000000
5.147500,0.000000,0.000000,0.000000,57.000000,0.000000,57.000000
5.152500,0.000000,0.000000,0.000000,60.000000,0.000000,60.000000
5.157500,0.000000,0.000000,0.000000,53.000000,0.000000,53.000000
5.162500,0.000000,0.000000,0.000000,57.000000,0.000000,57.000000
5.167500,0.000000,2.000000,0.000000,67.000000,0.000000,69.000000
5.172500,0.000000,0.000000,0.000000,58.000000,0.000000,58.000000
5.177500,0.000000,0.000000,0.000000,62.000000,0.000000,62.000000
5.182500,0.000000,0.000000,0.000000,59.000000,0.000000,59.000000
5.187500,0.000000,0.000000,0.000000,53.000000,0.000000,53.000000
5.192500,0.000000,0.000000,1.000000,50.000000,0.000000,51.000000
5.197500,0.000000,0.000000,1.000000,46.000000,0.000000,47.000000
5.202500,0.000000,0.000000,0.000000,46.000000,0.000000,46.000000
5.207500,0.000000,0.000000,1.000000,66.000000,0.000000,67.000000
5.212500,0.000000,1.000000,0.000000,68.000000,0.000000,69.000000
5.217500,0.000000,0.000000,0.000000,48.000000,0.000000,48.000000
5.222500,0.000000,0.000000,0.000000,56.000000,1.000000,57.000000
5.227500,0.000000,0.000000,0.000000,52.000000,0.000000,52.000000
5.232500,0.000000,0.000000,1.000000,59.000000,0.000000,60.000000
5.237500,0.000000,1.000000,0.000000,61.000000,0.000000,62.000000
5.242500,0.000000,0.000000,1.000000,61.000000,0.000000,62.000000
5.247500,0.000000,3.000000,0.000000,60.000000,0.000000,63.000000
5.252500,0.000000,0.000000,0.000000,46.000000,0.000000,46.000000
5.257500,0.000000,0.000000,0.000000,67.000000,0.000000,67.000000
5.262500,0.000000,1.000000,0.000000,60.000000,0.000000,61.000000
5.267500,0.000000,0.000000,0.000000,64.000000,0.000000,64.000000
5.272500,0.000000,0.000000,1.000000,61.000000,0.000000,62.000000
5.277500,0.000000,0.000000,0.000000,59.000000,0.000000,59.000000
5.282500,0.000000,0.000000,0.000000,51.000000,0.000000,51.000000
5.287500,0.000000,0.000000,0.000000,53.000000,0.000000,53.000000
5.292500,0.000000,0.000000,0.000000,56.000000,0.000000,56.000000
5.297500,0.000000,0.000000,0.000000,53.000000,0.000000,53.000000
5.302500,0.000000,0.000000,0.000000,71.000000,0.000000,71.000000
5.307500,0.000000,0.000000,1.000000,54.000000,0.000000,55.000000
5.312500,0.000000,1.000000,0.000000,51.000000,0.000000,52.000000
5.317500,0.000000,0.000000,0.000000,55.000000,0.000000,55.000000
5.322500,0.000000,0.000000,0.000000,68.000000,0.000000,68.000000
5.327500,0.000000,0.000000,0.000000,62.000000,0.000000,62.000000
5.332500,0.000000,0.000000,0.000000,51.000000,0.000000,51.000000
5.337500,0.000000,0.000000,0.000000,69.000000,1.000000,70.000000
5.342500,0.000000,0.000000,0.000000,77.000000,0.000000,77.000000
5.347500,0.000000,0.000000,0.000000,50.000000,0.000000,50.000000
5.352500,0.000000,1.000000,0.000000,50.000000,0.000000,51.000000
5.357500,0.000000,0.000000,0.000000,59.000000,0.000000,59.000000
5.362500,0.000000,1.000000,0.000000,55.000000,0.000000,56.000000
5.367500,0.000000,1.000000,0.000000,44.000000,0.000000,45.000000
5.372500,0.000000,0.000000,0.000000,56.000000,0.000000,56.000000
5.377500,0.000000,0.000000,0.000000,69.000000,0.000000,69.000000
5.382500,0.000000,0.000000,0.000000,49.000000,0.000000,49.000000
5.387500,0.000000,0.000000,1.000000,56.000000,0.000000,57.000000
5.392500,0.000000,1.000000,0.000000,45.000000,0.000000,46.000000
5.397500,0.000000,0.000000,0.000000,47.000000,0.000000,47.000000
5.402500,0.000000,0.000000,0.000000,53.000000,0.000000,53.000000
5.407500,0.000000,0.000000,1.000000,63.000000,0.000000,64.000000
5.412500,0.000000,0.000000,0.000000,58.000000,0.000000,58.000000
5.417500,0.000000,0.000000,0.000000,55.000000,0.000000,55.000000
5.422500,0.000000,1.000000,0.000000,60.000000,0.000000,61.000000
5.427500,0.000000,0.000000,0.000000,60.000000,0.000000,60.000000
5.432500,0.000000,0.000000,0.000000,49.000000,0.000000,49.000000
5.437500,0.000000,0.000000,0.000000,54.000000,0.000000,54.000000
5.442500,0.000000,1.000000,0.000000,57.000000,0.000000,58.000000
5.447500,0.000000,0.000000,0.000000,66.000000,0.000000,66.000000
5.452500,0.000000,0.000000,0.000000,59.000000,0.000000,59.000000
5.457500,0.000000,0.000000,0.000000,45.000000,0.000000,45.000000
5.462500,0.000000,0.000000,1.000000,48.000000,0.000000,49.000000
5.467500,0.000000,0.000000,0.000000,60.000000,0.000000,60.000000
5.472500,0.000000,0.000000,0.000000,66.000000,0.000000,66.000000
5.477500,0.000000,0.000000,0.000000,56.000000,0.000000,56.000000
5.482500,0.000000,0.000000,0.000000,62.000000,0.000000,62.000000
5.487500,0.000000,0.000000,0.000000,51.000000,0.000000,51.000000
5.492500,0.000000,0.000000,0.000000,59.000000,1.000000,60.000000
5.497500,0.000000,0.000000,0.000000,47.000000,0.000000,47.000000
5.502500,0.000000,0.000000,0.000000,55.000000,0.000000,55.000000
5.507500,0.000000,0.000000,0.000000,49.000000,0.000000,49.000000
5.512500,0.000000,0.000000,0.000000,66.000000,0.000000,66.000000
5.517500,0.000000,1.000000,0.000000,57.000000,0.000000,58.000000
5.522500,0.000000,0.000000,0.000000,47.000000,0.000000,47.000000
5.527500,0.000000,0.000000,0.000000,76.000000,0.000000,76.000000
5.532500,0.000000,1.000000,0.000000,52.000000,0.000000,53.000000
5.537500,0.000000,0.000000,0.000000,53.000000,0.000000,53.000000
5.542500,0.000000,0.000000,0.000000,58.000000,0.000000,58.000000
5.547500,0.000000,0.000000,0.000000,44.000000,0.000000,44.000000
5.552500,0.000000,0.000000,0.000000,59.000000,0.000000,59.000000
5.557500,0.000000,0.000000,0.000000,54.000000,0.000000,54.000000
5.562500,0.000000,0.000000,0.000000,54.000000,0.000000,54.000000
5.567500,0.000000,0.000000,0.000000,59.000000,0.000000,59.000000
5.572500,0.000000,0.000000,0.000000,59.000000,0.000000,59.000000
5.577500,0.000000,0.000000,0.000000,57.000000,0.000000,57.000000
5.582500,0.000000,0.000000,0.000000,58.000000,0.000000,58.000000
5.587500,0.000000,1.000000,0.000000,52.000000,0.000000,53.000000
5.592500,0.000000,0.000000,0.000000,63.000000,0.000000,63.000000
5.597500,0.000000,0.000000,0.000000,60.000000,0.000000,60.000000
5.602500,0.000000,0.000000,1.000000,62.000000,0.000000,63.000000
5.607500,0.000000,0.000000,0.000000,61.000000,0.000000,61.000000
5.612500,0.000000,1.000000,0.000000,65.000000,0.000000,66.000000
5.617500,0.000000,1.000000,0.000000,55.000000,0.000000,56.000000
5.622500,0.000000,0.000000,0.000000,47.000000,0.000000,47.000000
5.627500,0.000000,0.000000,0.000000,57.000000,0.000000,57.000000
5.632500,0.000000,0.000000,0.000000,70.000000,0.000000,70.000000
5.637500,0.000000,0.000000,1.000000,54.000000,0.000000,55.000000
5.642500,0.000000,0.000000,0.000000,54.000000,0.000000,54.000000
5.647500,0.000000,0.000000,0.000000,60.000000,0.000000,60.000000
5.652500,0.000000,0.000000,0.000000,56.000000,0.000000,56.000000
5.657500,0.000000,0.000000,0.000000,58.000000,0.000000,58.000000
5.662500,0.000000,0.000000,0.000000,50.000000,0.000000,50.000000
5.667500,0.000000,0.000000,0.000000,53.000000,0.000000,53.000000
5.672500,0.000000,1.000000,0.000000,65.000000,0.000000,66.000000
5.677500,0.000000,0.000000,0.000000,70.000000,0.000000,70.000000
5.682500,0.000000,2.000000,0.000000,58.000000,0.000000,60.000000
5.687500,0.000000,1.000000,0.000000,61.000000,0.000000,62.000000
5.692500,0.000000,0.000000,0.000000,63.000000,0.000000,63.000000
5.697500,0.000000,0.000000,1.000000,55.000000,0.000000,56.000000
5.702500,0.000000,1.000000,0.000000,52.000000,0.000000,53.000000
5.707500,0.000000,0.000000,0.000000,59.000000,0.000000,59.000000
5.712500,0.000000,0.000000,0.000000,66.000000,0.000000,66.000000
5.717500,0.000000,0.000000,0.000000,43.000000,0.000000,43.000000
5.722500,0.000000,0.000000,0.000000,58.000000,0.000000,58.000000
5.727500,0.000000,0.000000,0.000000,51.000000,0.000000,51.000000
5.732500,0.000000,0.000000,0.000000,55.000000,0.000000,55.000000
5.737500,0.000000,1.000000,0.000000,55.000000,0.000000,56.000000
5.742500,0.000000,1.000000,0.000000,48.000000,0.000000,49.000000
5.747500,0.000000,0.000000,0.000000,58.000000,0.000000,58.000000
5.752500,0.000000,0.000000,0.000000,50.000000,0.000000,50.000000
5.757500,0.000000,0.000000,0.000000,58.000000,0.000000,58.000000
5.762500,0.000000,0.000000,0.000000,66.000000,0.000000,66.000000
5.767500,0.000000,0.000000,0.000000,44.000000,0.000000,44.000000
5.772500,0.000000,0.000000,0.000000,55.000000,0.000000,55.000000
5.777500,0.000000,0.000000,0.000000,56.000000,0.000000,56.000000
5.782500,0.000000,1.000000,0.000000,42.000000,0.000000,43.000000
5.787500,0.000000,0.000000,0.000000,51.000000,0.000000,51.000000
5.792500,0.000000,0.000000,0.000000,53.000000,0.000000,53.000000
5.797500,0.000000,0.000000,1.000000,59.000000,0.000000,60.000000
5.802500,0.000000,1.000000,0.000000,37.000000,0.000000,38.000000
5.807500,0.000000,0.000000,0.000000,55.000000,0.000000,55.000000
5.812500,0.000000,0.000000,0.000000,53.000000,0.000000,53.000000
5.817500,0.000000,0.000000,0.000000,46.000000,0.000000,46.000000
5.822500,0.000000,0.000000,0.000000,49.000000,0.000000,49.000000
5.827500,0.000000,0.000000,1.000000,50.000000,0.000000,51.000000
5.832500,0.000000,0.000000,0.000000,49.000000,0.000000,49.000000
5.837500,0.000000,1.000000,0.000000,37.000000,0.000000,38.000000
5.842500,0.000000,0.000000,1.000000,48.000000,0.000000,49.000000
5.847500,0.000000,0.000000,0.000000,47.000000,0.000000,47.000000
5.852500,0.000000,0.000000,0.000000,64.000000,0.000000,64.000000
5.857500,0.000000,0.000000,0.000000,47.000000,0.000000,47.000000
5.862500,0.000000,0.000000,0.000000,71.000000,0.000000,71.000000
5.867500,0.000000,0.000000,1.000000,44.000000,0.000000,45.000000
5.872500,0.000000,0.000000,0.000000,57.000000,0.000000,57.000000
5.877500,0.000000,0.000000,0.000000,47.000000,0.000000,47.000000
5.882500,0.000000,0.000000,0.000000,55.000000,0.000000,55.000000
5.887500,0.000000,0.000000,0.000000,58.000000,1.000000,59.000000
5.892500,0.000000,0.000000,0.000000,58.000000,0.000000,58.000000
5.897500,0.000000,0.000000,0.000000,41.000000,0.000000,41.000000
5.902500,0.000000,0.000000,0.000000,58.000000,0.000000,58.000000
5.907500,0.000000,0.000000,0.000000,48.000000,0.000000,48.000000
5.912500,0.000000,1.000000,0.000000,66.000000,0.000000,67.000000
5.917500,0.000000,0.000000,0.000000,52.000000,0.000000,52.000000
5.922500,0.000000,0.000000,0.000000,66.000000,0.000000,66.000000
5.927500,0.000000,2.000000,0.000000,43.000000,0.000000,45.000000
5.932500,0.000000,0.000000,0.000000,58.000000,0.000000,58.000000
5.937500,0.000000,0.000000,2.000000,63.000000,0.000000,65.000000
5.942500,0.000000,0.000000,0.000000,42.000000,0.000000,42.000000
5.947500,0.000000,1.000000,1.000000,58.000000,0.000000,60.000000
5.952500,0.000000,0.000000,0.000000,32.000000,0.000000,32.000000
5.957500,0.000000,0.000000,0.000000,50.000000,0.000000,50.000000
5.962500,0.000000,1.000000,0.000000,52.000000,0.000000,53.000000
5.967500,0.000000,0.000000,0.000000,41.000000,0.000000,41.000000
5.972500,0.000000,0.000000,1.000000,61.000000,0.000000,62.000000
5.977500,0.000000,0.000000,0.000000,59.000000,0.000000,59.000000
5.982500,0.000000,0.000000,0.000000,53.000000,0.000000,53.000000
5.987500,0.000000,0.000000,0.000000,56.000000,0.000000,56.000000
5.992500,0.000000,0.000000,0.000000,55.000000,0.000000,55.000000
5.997500,0.000000,0.000000,0.000000,48.000000,0.000000,48.000000
6.002500,0.000000,0.000000,0.000000,48.000000,0.000000,48.000000
6.007500,0.000000,0.000000,0.000000,56.000000,0.000000,56.000000
6.012500,0.000000,1.000000,0.000000,33.000000,0.000000,34.000000
6.017500,0.000000,0.000000,1.000000,64.000000,0.000000,65.000000
6.022500,0.000000,0.000000,0.000000,49.000000,0.000000,49.000000
6.027500,0.000000,0.000000,0.000000,53.000000,0.000000,53.000000
6.032500,0.000000,0.000000,0.000000,69.000000,0.000000,69.000000
6.037500,0.000000,0.000000,0.000000,58.000000,0.000000,58.000000
6.042500,0.000000,0.000000,0.000000,53.000000,0.000000,53.000000
6.047500,0.000000,0.000000,0.000000,54.000000,0.000000,54.000000
6.052500,0.000000,3.000000,1.000000,52.000000,0.000000,56.000000
6.057500,0.000000,0.000000,0.000000,55.000000,0.000000,55.000000
6.062500,0.000000,1.000000,0.000000,47.000000,0.000000,48.000000
6.067500,0.000000,0.000000,0.000000,60.000000,0.000000,60.000000
6.072500,0.000000,0.000000,0.000000,49.000000,0.000000,49.000000
6.077500,0.000000,0.000000,0.000000,51.000000,0.000000,51.000000
6.082500,0.000000,0.000000,0.000000,51.000000,0.000000,51.000000
6.087500,0.000000,0.000000,0.000000,50.000000,0.000000,50.000000
6.092500,0.000000,0.000000,0.000000,66.000000,0.000000,66.000000
6.097500,0.000000,0.000000,0.000000,66.000000,0.000000,66.000000
6.102500,0.000000,0.000000,0.000000,56.000000,0.000000,56.000000
6.107500,0.000000,0.000000,0.000000,50.000000,0.000000,50.000000
6.112500,0.000000,0.000000,0.000000,68.000000,0.000000,68.000000
6.117500,0.000000,0.000000,0.000000,50.000000,0.000000,50.000000
6.122500,0.000000,0.000000,0.000000,56.000000,0.000000,56.000000
6.127500,0.000000,1.000000,0.000000,65.000000,0.000000,66.000000
6.132500,0.000000,0.000000,0.000000,60.000000,0.000000,60.000000
6.137500,0.000000,0.000000,0.000000,60.000000,0.000000,60.000000
6.142500,0.000000,0.000000,0.000000,43.000000,0.000000,43.000000
6.147500,0.000000,1.000000,0.000000,54.000000,0.000000,55.000000
6.152500,0.000000,0.000000,1.000000,54.000000,0.000000,55.000000
6.157500,0.000000,0.000000,0.000000,49.000000,0.000000,49.000000
6.162500,0.000000,0.000000,0.000000,45.000000,0.000000,45.000000
6.167500,0.000000,0.000000,0.000000,50.000000,0.000000,50.000000
6.172500,0.000000,0.000000,1.000000,52.000000,0.000000,53.000000
6.177500,0.000000,0.000000,0.000000,48.000000,0.000000,48.000000
6.182500,0.000000,0.000000,0.000000,38.000000,0.000000,38.000000
6.187500,0.000000,0.000000,0.000000,52.000000,0.000000,52.000000
6.192500,0.000000,0.000000,0.000000,53.000000,0.000000,53.000000
6.197500,0.000000,0.000000,0.000000,59.000000,0.000000,59.000000
6.202500,0.000000,0.000000,0.000000,49.000000,0.000000,49.000000
6.207500,0.000000,0.000000,0.000000,51.000000,0.000000,51.000000
6.212500,0.000000,0.000000,0.000000,55.000000,0.000000,55.000000
6.217500,0.000000,0.000000,0.000000,48.000000,0.000000,48.000000
6.222500,0.000000,1.000000,0.000000,52.000000,0.000000,53.000000
6.227500,0.000000,0.000000,0.000000,53.000000,0.000000,53.000000
6.232500,0.000000,0.000000,1.000000,50.000000,0.000000,51.000000
6.237500,0.000000,0.000000,0.000000,51.000000,0.000000,51.000000
6.242500,0.000000,0.000000,0.000000,46.000000,0.000000,46.000000
6.247500,0.000000,0.000000,0.000000,54.000000,0.000000,54.000000
6.252500,0.000000,0.000000,0.000000,42.000000,0.000000,42.000000
6.257500,0.000000,0.000000,0.000000,40.000000,0.000000,40.000000
6.262500,0.000000,0.000000,0.000000,50.000000,0.000000,50.000000
6.267500,0.000000,0.000000,0.000000,55.000000,1.000000,56.000000
6.272500,0.000000,0.000000,0.000000,55.000000,0.000000,55.000000
6.277500,0.000000,1.000000,0.000000,51.000000,0.000000,52.000000
6.282500,0.000000,0.000000,0.000000,54.000000,0.000000,54.000000
6.287500,0.000000,1.000000,0.000000,44.000000,0.000000,45.000000
6.292500,0.000000,0.000000,0.000000,56.000000,0.000000,56.000000
6.297500,0.000000,0.000000,0.000000,51.000000,0.000000,51.000000
6.302500,0.000000,0.000000,0.000000,48.000000,0.000000,48.000000
6.307500,0.000000,0.000000,1.000000,55.000000,0.000000,56.000000
6.312500,0.000000,0.000000,0.000000,54.000000,0.000000,54.000000
6.317500,0.000000,0.000000,0.000000,38.000000,0.000000,38.000000
6.322500,0.000000,0.000000,0.000000,51.000000,0.000000,51.000000
6.327500,0.000000,0.000000,0.000000,56.000000,0.000000,56.000000
6.332500,0.000000,0.000000,0.000000,51.000000,0.000000,51.000000
6.337500,0.000000,0.000000,0.000000,47.000000,0.000000,47.000000
6.342500,0.000000,0.000000,0.000000,59.000000,0.000000,59.000000
6.347500,0.000000,0.000000,0.000000,51.000000,0.000000,51.000000
6.352500,0.000000,0.000000,0.000000,42.000000,0.000000,42.000000
6.357500,0.000000,0.000000,0.000000,59.000000,0.000000,59.000000
6.362500,0.000000,0.000000,0.000000,48.000000,0.000000,48.000000
6.367500,0.000000,0.000000,0.000000,61.000000,0.000000,61.000000
6.372500,0.000000,0.000000,0.000000,57.000000,0.000000,57.000000
6.377500,0.000000,0.000000,0.000000,50.000000,0.000000,50.000000
6.382500,0.000000,0.000000,0.000000,55.000000,0.000000,55.000000
6.387500,0.000000,0.000000,0.000000,40.000000,0.000000,40.000000
6.392500,0.000000,0.000000,0.000000,66.000000,0.000000,66.000000
6.397500,0.000000,1.000000,0.000000,63.000000,0.000000,64.000000
6.402500,0.000000,0.000000,0.000000,44.000000,0.000000,44.000000
6.407500,0.000000,0.000000,0.000000,45.000000,0.000000,45.000000
6.412500,0.000000,0.000000,0.000000,46.000000,0.000000,46.000000
6.417500,0.000000,0.000000,0.000000,63.000000,0.000000,63.000000
6.422500,0.000000,0.000000,0.000000,65.000000,0.000000,65.000000
6.427500,0.000000,0.000000,0.000000,49.000000,0.000000,49.000000
6.432500,0.000000,0.000000,0.000000,52.000000,0.000000,52.000000
6.437500,0.000000,0.000000,1.000000,36.000000,0.000000,37.000000
6.442500,0.000000,0.000000,0.000000,49.000000,0.000000,49.000000
6.447500,0.000000,0.000000,0.000000,54.000000,0.000000,54.000000
6.452500,0.000000,1.000000,0.000000,56.000000,0.000000,57.000000
6.457500,0.000000,0.000000,0.000000,41.000000,0.000000,41.000000
6.462500,0.000000,0.000000,0.000000,58.000000,0.000000,58.000000
6.467500,0.000000,0.000000,0.000000,47.000000,0.000000,47.000000
6.472500,0.000000,0.000000,0.000000,55.000000,0.000000,55.000000
6.477500,0.000000,0.000000,0.000000,54.000000,0.000000,54.000000
6.482500,0.000000,0.000000,0.000000,44.000000,0.000000,44.000000
6.487500,0.000000,0.000000,0.000000,47.000000,0.000000,47.000000
6.492500,0.000000,1.000000,0.000000,54.000000,0.000000,55.000000
6.497500,0.000000,0.000000,1.000000,42.000000,0.000000,43.000000
6.502500,0.000000,0.000000,0.000000,42.000000,0.000000,42.000000
6.507500,0.000000,0.000000,0.000000,39.000000,0.000000,39.000000
6.512500,0.000000,0.000000,0.000000,42.000000,0.000000,42.000000
6.517500,0.000000,0.000000,0.000000,52.000000,0.000000,52.000000
6.522500,0.000000,0.000000,1.000000,48.000000,0.000000,49.000000
6.527500,0.000000,0.000000,0.000000,44.000000,0.000000,44.000000
6.532500,0.000000,0.000000,0.000000,51.000000,0.000000,51.000000
6.537500,0.000000,3.000000,0.000000,55.000000,0.000000,58.000000
6.542500,0.000000,0.000000,1.000000,40.000000,0.000000,41.000000
6.547500,0.000000,0.000000,0.000000,52.000000,0.000000,52.000000
6.552500,0.000000,0.000000,0.000000,40.000000,0.000000,40.000000
6.557500,0.000000,1.000000,0.000000,54.000000,0.000000,55.000000
6.562500,0.000000,1.000000,0.000000,41.000000,0.000000,42.000000
6.567500,0.000000,0.000000,0.000000,52.000000,0.000000,52.000000
6.572500,0.000000,0.000000,0.000000,55.000000,0.000000,55.000000
6.577500,0.000000,1.000000,0.000000,44.000000,0.000000,45.000000
6.582500,0.000000,0.000000,0.000000,36.000000,0.000000,36.000000
6.587500,0.000000,0.000000,0.000000,53.000000,0.000000,53.000000
6.592500,0.000000,0.000000,0.000000,46.000000,0.000000,46.000000
6.597500,0.000000,0.000000,0.000000,53.000000,0.000000,53.000000
6.602500,0.000000,0.000000,0.000000,59.000000,0.000000,59.000000
6.607500,0.000000,0.000000,0.000000,48.000000,0.000000,48.000000
6.612500,0.000000,1.000000,0.000000,39.000000,0.000000,40.000000
6.617500,0.000000,1.000000,1.000000,55.000000,0.000000,57.000000
6.622500,0.000000,0.000000,0.000000,48.000000,0.000000,48.000000
6.627500,0.000000,0.000000,0.000000,55.000000,0.000000,55.000000
6.632500,0.000000,0.000000,0.000000,63.000000,0.000000,63.000000
6.637500,0.000000,0.000000,0.000000,40.000000,0.000000,40.000000
6.642500,0.000000,0.000000,0.000000,59.000000,0.000000,59.000000
6.647500,0.000000,0.000000,0.000000,57.000000,0.000000,57.000000
6.652500,0.000000,0.000000,0.000000,51.000000,0.000000,51.000000
6.657500,0.000000,0.000000,0.000000,40.000000,0.000000,40.000000
6.662500,0.000000,0.000000,0.000000,41.000000,0.000000,41.000000
6.667500,0.000000,0.000000,0.000000,49.000000,0.000000,49.000000
6.672500,0.000000,1.000000,0.000000,62.000000,0.000000,63.000000
6.677500,0.000000,0.000000,0.000000,50.000000,0.000000,50.000000
6.682500,0.000000,1.000000,0.000000,51.000000,0.000000,52.000000
6.687500,0.000000,0.000000,0.000000,58.000000,0.000000,58.000000
6.692500,0.000000,0.000000,0.000000,51.000000,0.000000,51.000000
6.697500,0.000000,1.000000,0.000000,42.000000,0.000000,43.000000
6.702500,0.000000,0.000000,0.000000,56.000000,0.000000,56.000000
6.707500,0.000000,0.000000,0.000000,47.000000,0.000000,47.000000
6.712500,0.000000,0.000000,0.000000,57.000000,0.000000,57.000000
6.717500,0.000000,0.000000,0.000000,43.000000,0.000000,43.000000
6.722500,0.000000,0.000000,0.000000,52.000000,0.000000,52.000000
6.727500,0.000000,0.000000,0.000000,48.000000,0.000000,48.000000
6.732500,0.000000,0.000000,0.000000,43.000000,0.000000,43.000000
6.737500,0.000000,1.000000,0.000000,41.000000,0.000000,42.000000
6.742500,0.000000,0.000000,0.000000,45.000000,0.000000,45.000000
6.747500,0.000000,0.000000,0.000000,45.000000,0.000000,45.000000
6.752500,0.000000,0.000000,0.000000,56.000000,0.000000,56.000000
6.757500,0.000000,0.000000,0.000000,46.000000,0.000000,46.000000
6.762500,0.000000,0.000000,0.000000,41.000000,0.000000,41.000000
6.767500,0.000000,0.000000,0.000000,50.000000,0.000000,50.000000
6.772500,0.000000,0.000000,0.000000,60.000000,0.000000,60.000000
6.777500,0.000000,0.000000,0.000000,35.000000,0.000000,35.000000
6.782500,0.000000,0.000000,1.000000,55.000000,0.000000,56.000000
6.787500,0.000000,0.000000,0.000000,62.000000,0.000000,62.000000
6.792500,0.000000,0.000000,0.000000,38.000000,0.000000,38.000000
6.797500,0.000000,0.000000,0.000000,55.000000,0.000000,55.000000
6.802500,0.000000,0.000000,0.000000,34.000000,0.000000,34.000000
6.807500,0.000000,1.000000,0.000000,47.000000,0.000000,48.000000
6.812500,0.000000,0.000000,0.000000,42.000000,0.000000,42.000000
6.817500,0.000000,0.000000,0.000000,52.000000,0.000000,52.000000
6.822500,0.000000,0.000000,0.000000,38.000000,0.000000,38.000000
6.827500,0.000000,0.000000,0.000000,49.000000,0.000000,49.000000
6.832500,0.000000,0.000000,0.000000,49.000000,0.000000,49.000000
6.837500,0.000000,0.000000,0.000000,52.000000,0.000000,52.000000
6.842500,0.000000,0.000000,0.000000,54.000000,0.000000,54.000000
6.847500,0.000000,1.000000,0.000000,59.000000,0.000000,60.000000
6.852500,0.000000,0.000000,0.000000,50.000000,0.000000,50.000000
6.857500,0.000000,0.000000,0.000000,48.000000,0.000000,48.000000
6.862500,0.000000,0.000000,0.000000,55.000000,0.000000,55.000000
6.867500,0.000000,0.000000,0.000000,54.000000,0.000000,54.000000
6.872500,0.000000,0.000000,0.000000,34.000000,0.000000,34.000000
6.877500,0.000000,0.000000,0.000000,40.000000,0.000000,40.000000
6.882500,0.000000,0.000000,0.000000,44.000000,0.000000,44.000000
6.887500,0.000000,0.000000,0.000000,47.000000,0.000000,47.000000
6.892500,0.000000,0.000000,0.000000,49.000000,0.000000,49.000000
6.897500,0.000000,0.000000,0.000000,52.000000,0.000000,52.000000
6.902500,0.000000,1.000000,0.000000,45.000000,0.000000,46.000000
6.907500,0.000000,1.000000,0.000000,47.000000,0.000000,48.000000
6.912500,0.000000,0.000000,0.000000,47.000000,0.000000,47.000000
6.917500,0.000000,0.000000,0.000000,47.000000,0.000000,47.000000
6.922500,0.000000,0.000000,0.000000,50.000000,0.000000,50.000000
6.927500,0.000000,0.000000,0.000000,34.000000,0.000000,34.000000
6.932500,0.000000,0.000000,0.000000,62.000000,0.000000,62.000000
6.937500,0.000000,0.000000,0.000000,62.000000,0.000000,62.000000
6.942500,0.000000,0.000000,0.000000,44.000000,0.000000,44.000000
6.947500,0.000000,0.000000,0.000000,38.000000,0.000000,38.000000
6.952500,0.000000,0.000000,0.000000,46.000000,0.000000,46.000000
6.957500,0.000000,0.000000,0.000000,59.000000,0.000000,59.000000
6.962500,0.000000,0.000000,0.000000,52.000000,0.000000,52.000000
6.967500,0.000000,0.000000,0.000000,56.000000,0.000000,56.000000
6.972500,0.000000,0.000000,0.000000,56.000000,0.000000,56.000000
6.977500,0.000000,0.000000,0.000000,41.000000,0.000000,41.000000
6.982500,0.000000,0.000000,0.000000,46.000000,0.000000,46.000000
6.987500,0.000000,2.000000,0.000000,47.000000,0.000000,49.000000
6.992500,0.000000,0.000000,0.000000,54.000000,0.000000,54.000000
6.997500,0.000000,0.000000,0.000000,59.000000,0.000000,59.000000
7.002500,0.000000,0.000000,0.000000,55.000000,0.000000,55.000000
7.007500,0.000000,1.000000,0.000000,52.000000,0.000000,53.000000
7.012500,0.000000,0.000000,0.000000,50.000000,0.000000,50.000000
7.017500,0.000000,0.000000,0.000000,36.000000,0.000000,36.000000
7.022500,0.000000,0.000000,0.000000,53.000000,0.000000,53.000000
7.027500,0.000000,0.000000,0.000000,39.000000,0.000000,39.000000
7.032500,0.000000,0.000000,0.000000,38.000000,0.000000,38.000000
7.037500,0.000000,0.000000,0.000000,60.000000,0.000000,60.000000
7.042500,0.000000,0.000000,0.000000,52.000000,0.000000,52.000000
7.047500,0.000000,1.000000,0.000000,42.000000,0.000000,43.000000
7.052500,0.000000,0.000000,0.000000,46.000000,0.000000,46.000000
7.057500,0.000000,0.000000,0.000000,47.000000,0.000000,47.000000
7.062500,0.000000,0.000000,0.000000,50.000000,0.000000,50.000000
7.067500,0.000000,0.000000,0.000000,57.000000,0.000000,57.000000
7.072500,0.000000,1.000000,0.000000,48.000000,0.000000,49.000000
7.077500,0.000000,0.000000,0.000000,33.000000,0.000000,33.000000
7.082500,0.000000,1.000000,0.000000,37.000000,0.000000,38.000000
7.087500,0.000000,0.000000,0.000000,44.000000,0.000000,44.000000
7.092500,0.000000,0.000000,0.000000,49.000000,0.000000,49.000000
7.097500,0.000000,0.000000,0.000000,52.000000,0.000000,52.000000
7.102500,0.000000,0.000000,0.000000,47.000000,0.000000,47.000000
7.107500,0.000000,0.000000,0.000000,56.000000,0.000000,56.000000
7.112500,0.000000,0.000000,0.000000,45.000000,0.000000,45.000000
7.117500,0.000000,0.000000,0.000000,47.000000,0.000000,47.000000
7.122500,0.000000,0.000000,0.000000,51.000000,0.000000,51.000000
7.127500,0.000000,0.000000,0.000000,61.000000,0.000000,61.000000
7.132500,0.000000,0.000000,0.000000,31.000000,0.000000,31.000000
7.137500,0.000000,0.000000,0.000000,52.000000,0.000000,52.000000
7.142500,0.000000,0.000000,0.000000,53.000000,0.000000,53.000000
7.147500,0.000000,0.000000,0.000000,49.000000,0.000000,49.000000
7.152500,0.000000,0.000000,0.000000,47.000000,0.000000,47.000000
7.157500,0.000000,0.000000,0.000000,56.000000,0.000000,56.000000
7.162500,0.000000,0.000000,0.000000,55.000000,0.000000,55.000000
7.167500,0.000000,0.000000,0.000000,55.000000,0.000000,55.000000
7.172500,0.000000,0.000000,0.000000,53.000000,0.000000,53.000000
7.177500,0.000000,0.000000,0.000000,34.000000,0.000000,34.000000
7.182500,0.000000,0.000000,0.000000,44.000000,0.000000,44.000000
7.187500,0.000000,0.000000,0.000000,44.000000,0.000000,44.000000
7.192500,0.000000,0.000000,0.000000,40.000000,0.000000,40.000000
7.197500,0.000000,0.000000,0.000000,48.000000,0.000000,48.000000
7.202500,0.000000,0.000000,0.000000,50.000000,0.000000,50.000000
7.207500,0.000000,0.000000,0.000000,47.000000,0.000000,47.000000
7.212500,0.000000,0.000000,0.000000,42.000000,0.000000,42.000000
7.217500,0.000000,0.000000,0.000000,48.000000,0.000000,48.000000
7.222500,0.000000,0.000000,0.000000,52.000000,0.000000,52.000000
7.227500,0.000000,0.000000,0.000000,41.000000,0.000000,41.000000
7.232500,0.000000,0.000000,0.000000,48.000000,0.000000,48.000000
7.237500,0.000000,0.000000,0.000000,48.000000,0.000000,48.000000
7.242500,0.000000,0.000000,0.000000,44.000000,0.000000,44.000000
7.247500,0.000000,0.000000,0.000000,50.000000,0.000000,50.000000
7.252500,0.000000,0.000000,0.000000,46.000000,0.000000,46.000000
7.257500,0.000000,0.000000,0.000000,28.000000,0.000000,28.000000
7.262500,0.000000,0.000000,0.000000,52.000000,0.000000,52.000000
7.267500,0.000000,0.000000,0.000000,47.000000,0.000000,47.000000
7.272500,0.000000,0.000000,0.000000,51.000000,0.000000,51.000000
7.277500,0.000000,0.000000,0.000000,41.000000,0.000000,41.000000
7.282500,0.000000,0.000000,0.000000,37.000000,0.000000,37.000000
7.287500,0.000000,0.000000,0.000000,45.000000,0.000000,45.000000
7.292500,0.000000,0.000000,0.000000,46.000000,0.000000,46.000000
7.297500,0.000000,0.000000,0.000000,51.000000,0.000000,51.000000
7.302500,0.000000,0.000000,0.000000,49.000000,0.000000,49.000000
7.307500,0.000000,0.000000,0.000000,43.000000,0.000000,43.000000
7.312500,0.000000,0.000000,0.000000,39.000000,0.000000,39.000000
7.317500,0.000000,0.000000,0.000000,37.000000,0.000000,37.000000
7.322500,0.000000,0.000000,0.000000,44.000000,0.000000,44.000000
7.327500,0.000000,0.000000,0.000000,49.000000,0.000000,49.000000
7.332500,0.000000,0.000000,0.000000,59.000000,0.000000,59.000000
7.337500,0.000000,0.000000,0.000000,55.000000,0.000000,55.000000
7.342500,0.000000,0.000000,0.000000,62.000000,0.000000,62.000000
7.347500,0.000000,0.000000,0.000000,37.000000,0.000000,37.000000
7.352500,0.000000,1.000000,0.000000,35.000000,0.000000,36.000000
7.357500,0.000000,0.000000,0.000000,33.000000,0.000000,33.000000
7.362500,0.000000,1.000000,0.000000,47.000000,0.000000,48.000000
7.367500,0.000000,0.000000,0.000000,35.000000,0.000000,35.000000
7.372500,0.000000,0.000000,0.000000,54.000000,0.000000,54.000000
7.377500,0.000000,0.000000,0.000000,38.000000,0.000000,38.000000
7.382500,0.000000,0.000000,0.000000,65.000000,0.000000,65.000000
7.387500,0.000000,0.000000,0.000000,54.000000,0.000000,54.000000
7.392500,0.000000,0.000000,0.000000,54.000000,0.000000,54.000000
7.397500,0.000000,1.000000,0.000000,39.000000,0.000000,40.000000
7.402500,0.000000,0.000000,0.000000,43.000000,0.000000,43.000000
7.407500,0.000000,0.000000,0.000000,29.000000,0.000000,29.000000
7.412500,0.000000,1.000000,0.000000,38.000000,0.000000,39.000000
7.417500,0.000000,0.000000,0.000000,50.000000,0.000000,50.000000
7.422500,0.000000,0.000000,0.000000,52.000000,0.000000,52.000000
7.427500,0.000000,0.000000,0.000000,50.000000,0.000000,50.000000
7.432500,0.000000,0.000000,0.000000,50.000000,0.000000,50.000000
7.437500,0.000000,0.000000,0.000000,47.000000,0.000000,47.000000
7.442500,0.000000,0.000000,0.000000,40.000000,0.000000,40.000000
7.447500,0.000000,0.000000,0.000000,52.000000,0.000000,52.000000
7.452500,0.000000,0.000000,0.000000,47.000000,0.000000,47.000000
7.457500,0.000000,0.000000,0.000000,52.000000,0.000000,52.000000
7.462500,0.000000,0.000000,0.000000,48.000000,0.000000,48.000000
7.467500,0.000000,0.000000,0.000000,56.000000,0.000000,56.000000
7.472500,0.000000,0.000000,0.000000,56.000000,1.000000,57.000000
7.477500,0.000000,1.000000,0.000000,41.000000,0.000000,42.000000
7.482500,0.000000,0.000000,0.000000,37.000000,0.000000,37.000000
7.487500,0.000000,0.000000,0.000000,41.000000,0.000000,41.000000
7.492500,0.000000,0.000000,0.000000,52.000000,0.000000,52.000000
7.497500,0.000000,0.000000,0.000000,47.000000,0.000000,47.000000
7.502500,0.000000,1.000000,0.000000,37.000000,0.000000,38.000000
7.507500,0.000000,0.000000,0.000000,34.000000,0.000000,34.000000
7.512500,0.000000,0.000000,0.000000,47.000000,0.000000,47.000000
7.517500,0.000000,0.000000,0.000000,37.000000,0.000000,37.000000
7.522500,0.000000,0.000000,0.000000,47.000000,0.000000,47.000000
7.527500,0.000000,0.000000,0.000000,49.000000,0.000000,49.000000
7.532500,0.000000,0.000000,0.000000,48.000000,0.000000,48.000000
7.537500,0.000000,0.000000,0.000000,47.000000,0.000000,47.000000
7.542500,0.000000,0.000000,0.000000,46.000000,0.000000,46.000000
7.547500,0.000000,0.000000,0.000000,44.000000,0.000000,44.000000
7.552500,0.000000,0.000000,0.000000,42.000000,0.000000,42.000000
7.557500,0.000000,0.000000,0.000000,61.000000,0.000000,61.000000
7.562500,0.000000,0.000000,0.000000,42.000000,0.000000,42.000000
7.567500,0.000000,0.000000,0.000000,47.000000,0.000000,47.000000
7.572500,0.000000,0.000000,0.000000,54.000000,0.000000,54.000000
7.577500,0.000000,0.000000,0.000000,44.000000,0.000000,44.000000
7.582500,0.000000,0.000000,0.000000,37.000000,0.000000,37.000000
7.587500,0.000000,0.000000,0.000000,51.000000,0.000000,51.000000
7.592500,0.000000,0.000000,0.000000,47.000000,0.000000,47.000000
7.597500,0.000000,0.000000,0.000000,54.000000,0.000000,54.000000
7.602500,0.000000,0.000000,0.000000,41.000000,0.000000,41.000000
7.607500,0.000000,1.000000,0.000000,49.000000,0.000000,50.000000
7.612500,0.000000,0.000000,0.000000,38.000000,0.000000,38.000000
7.617500,0.000000,0.000000,0.000000,35.000000,0.000000,35.000000
7.622500,0.000000,0.000000,0.000000,42.000000,0.000000,42.000000
7.627500,0.000000,0.000000,0.000000,33.000000,0.000000,33.000000
7.632500,0.000000,0.000000,0.000000,34.000000,0.000000,34.000000
7.637500,0.000000,0.000000,0.000000,34.000000,0.000000,34.000000
7.642500,0.000000,0.000000,0.000000,43.000000,0.000000,43.000000
7.647500,0.000000,0.000000,0.000000,54.000000,0.000000,54.000000
7.652500,0.000000,0.000000,0.000000,48.000000,0.000000,48.000000
7.657500,0.000000,0.000000,0.000000,52.000000,0.000000,52.000000
7.662500,0.000000,0.000000,0.000000,66.000000,0.000000,66.000000
7.667500,0.000000,0.000000,0.000000,54.000000,0.000000,54.000000
7.672500,0.000000,0.000000,0.000000,38.000000,0.000000,38.000000
7.677500,0.000000,0.000000,0.000000,34.000000,0.000000,34.000000
7.682500,0.000000,0.000000,0.000000,54.000000,0.000000,54.000000
7.687500,0.000000,0.000000,0.000000,37.000000,0.000000,37.000000
7.692500,0.000000,1.000000,0.000000,45.000000,0.000000,46.000000
7.697500,0.000000,0.000000,0.000000,39.000000,0.000000,39.000000
7.702500,0.000000,0.000000,0.000000,33.000000,0.000000,33.000000
7.707500,0.000000,0.000000,0.000000,38.000000,0.000000,38.000000
7.712500,0.000000,0.000000,0.000000,46.000000,0.000000,46.000000
7.717500,0.000000,0.000000,0.000000,45.000000,0.000000,45.000000
7.722500,0.000000,0.000000,0.000000,46.000000,0.000000,46.000000
7.727500,0.000000,0.000000,0.000000,47.000000,0.000000,47.000000
7.732500,0.000000,0.000000,0.000000,35.000000,0.000000,35.000000
7.737500,0.000000,0.000000,0.000000,41.000000,0.000000,41.000000
7.742500,0.000000,0.000000,0.000000,43.000000,0.000000,43.000000
7.747500,0.000000,0.000000,0.000000,32.000000,0.000000,32.000000
7.752500,0.000000,1.000000,0.000000,40.000000,0.000000,41.000000
7.757500,0.000000,0.000000,0.000000,37.000000,0.000000,37.000000
7.762500,0.000000,0.000000,0.000000,35.000000,0.000000,35.000000
7.767500,0.000000,0.000000,0.000000,41.000000,0.000000,41.000000
7.772500,0.000000,0.000000,0.000000,32.000000,0.000000,32.000000
7.777500,0.000000,0.000000,0.000000,42.000000,0.000000,42.000000
7.782500,0.000000,0.000000,0.000000,42.000000,0.000000,42.000000
7.787500,0.000000,0.000000,0.000000,45.000000,0.000000,45.000000
7.792500,0.000000,0.000000,0.000000,41.000000,0.000000,41.000000
7.797500,0.000000,0.000000,0.000000,38.000000,0.000000,38.000000
7.802500,0.000000,0.000000,0.000000,40.000000,0.000000,40.000000
7.807500,0.000000,0.000000,0.000000,42.000000,0.000000,42.000000
7.812500,0.000000,0.000000,0.000000,45.000000,0.000000,45.000000
7.817500,0.000000,1.000000,0.000000,46.000000,0.000000,47.000000
7.822500,0.000000,0.000000,0.000000,43.000000,0.000000,43.000000
7.827500,0.000000,0.000000,0.000000,46.000000,0.000000,46.000000
7.832500,0.000000,0.000000,0.000000,44.000000,0.000000,44.000000
7.837500,0.000000,0.000000,0.000000,38.000000,0.000000,38.000000
7.842500,0.000000,0.000000,0.000000,43.000000,0.000000,43.000000
7.847500,0.000000,0.000000,0.000000,35.000000,0.000000,35.000000
7.852500,0.000000,0.000000,0.000000,54.000000,0.000000,54.000000
7.857500,0.000000,0.000000,0.000000,51.000000,0.000000,51.000000
7.862500,0.000000,0.000000,0.000000,43.000000,0.000000,43.000000
7.867500,0.000000,0.000000,0.000000,46.000000,0.000000,46.000000
7.872500,0.000000,0.000000,0.000000,38.000000,0.000000,38.000000
7.877500,0.000000,0.000000,0.000000,53.000000,0.000000,53.000000
7.882500,0.000000,0.000000,0.000000,42.000000,0.000000,42.000000
7.887500,0.000000,0.000000,0.000000,33.000000,0.000000,33.000000
7.892500,0.000000,0.000000,0.000000,45.000000,0.000000,45.000000
7.897500,0.000000,0.000000,0.000000,36.000000,0.000000,36.000000
7.902500,0.000000,0.000000,0.000000,37.000000,0.000000,37.000000
7.907500,0.000000,0.000000,0.000000,40.000000,0.000000,40.000000
7.912500,0.000000,0.000000,0.000000,48.000000,0.000000,48.000000
7.917500,0.000000,0.000000,0.000000,40.000000,0.000000,40.000000
7.922500,0.000000,0.000000,0.000000,40.000000,0.000000,40.000000
7.927500,0.000000,0.000000,0.000000,39.000000,0.000000,39.000000
7.932500,0.000000,0.000000,0.000000,41.000000,0.000000,41.000000
7.937500,0.000000,1.000000,0.000000,42.000000,0.000000,43.000000
7.942500,0.000000,0.000000,0.000000,24.000000,0.000000,24.000000
7.947500,0.000000,0.000000,0.000000,47.000000,0.000000,47.000000
7.952500,0.000000,0.000000,0.000000,40.000000,0.000000,40.000000
7.957500,0.000000,0.000000,0.000000,45.000000,0.000000,45.000000
7.962500,0.000000,0.000000,0.000000,36.000000,0.000000,36.000000
7.967500,0.000000,0.000000,0.000000,42.000000,0.000000,42.000000
7.972500,0.000000,0.000000,0.000000,40.000000,0.000000,40.000000
7.977500,0.000000,0.000000,0.000000,42.000000,0.000000,42.000000
7.982500,0.000000,0.000000,0.000000,49.000000,0.000000,49.000000
7.987500,0.000000,0.000000,0.000000,51.000000,0.000000,51.000000
7.992500,0.000000,0.000000,0.000000,42.000000,0.000000,42.000000
7.997500,0.000000,0.000000,0.000000,36.000000,0.000000,36.000000
8.002500,0.000000,0.000000,0.000000,41.000000,0.000000,41.000000
8.007500,0.000000,0.000000,0.000000,40.000000,0.000000,40.000000
8.012500,0.000000,0.000000,0.000000,46.000000,0.000000,46.000000
8.017500,0.000000,0.000000,0.000000,40.000000,0.000000,40.000000
8.022500,0.000000,0.000000,0.000000,40.000000,0.000000,40.000000
8.027500,0.000000,0.000000,0.000000,38.000000,0.000000,38.000000
8.032500,0.000000,0.000000,0.000000,42.000000,0.000000,42.000000
8.037500,0.000000,0.000000,0.000000,50.000000,0.000000,50.000000
8.042500,0.000000,0.000000,0.000000,43.000000,0.000000,43.000000
8.047500,0.000000,0.000000,0.000000,25.000000,0.000000,25.000000
8.052500,0.000000,0.000000,0.000000,45.000000,0.000000,45.000000
8.057500,0.000000,0.000000,0.000000,38.000000,0.000000,38.000000
8.062500,0.000000,1.000000,0.000000,39.000000,0.000000,40.000000
8.067500,0.000000,0.000000,0.000000,50.000000,0.000000,50.000000
8.072500,0.000000,0.000000,0.000000,41.000000,0.000000,41.000000
8.077500,0.000000,0.000000,0.000000,38.000000,0.000000,38.000000
8.082500,0.000000,0.000000,0.000000,32.000000,0.000000,32.000000
8.087500,0.000000,0.000000,0.000000,37.000000,0.000000,37.000000
8.092500,0.000000,0.000000,0.000000,43.000000,0.000000,43.000000
8.097500,0.000000,0.000000,0.000000,43.000000,0.000000,43.000000
8.102500,0.000000,0.000000,0.000000,37.000000,0.000000,37.000000
8.107500,0.000000,0.000000,0.000000,46.000000,0.000000,46.000000
8.112500,0.000000,0.000000,0.000000,49.000000,0.000000,49.000000
8.117500,0.000000,0.000000,0.000000,40.000000,0.000000,40.000000
8.122500,0.000000,0.000000,0.000000,49.000000,0.000000,49.000000
8.127500,0.000000,0.000000,0.000000,58.000000,0.000000,58.000000
8.132500,0.000000,0.000000,0.000000,45.000000,0.000000,45.000000
8.137500,0.000000,0.000000,0.000000,38.000000,0.000000,38.000000
8.142500,0.000000,0.000000,0.000000,44.000000,0.000000,44.000000
8.147500,0.000000,0.000000,0.000000,36.000000,0.000000,36.000000
8.152500,0.000000,0.000000,0.000000,40.000000,1.000000,41.000000
8.157500,0.000000,1.000000,0.000000,43.000000,0.000000,44.000000
8.162500,0.000000,0.000000,0.000000,47.000000,0.000000,47.000000
8.167500,0.000000,0.000000,0.000000,53.000000,0.000000,53.000000
8.172500,0.000000,0.000000,0.000000,33.000000,0.000000,33.000000
8.177500,0.000000,0.000000,0.000000,51.000000,0.000000,51.000000
8.182500,0.000000,0.000000,0.000000,30.000000,0.000000,30.000000
8.187500,0.000000,0.000000,0.000000,41.000000,0.000000,41.000000
8.192500,0.000000,0.000000,0.000000,35.000000,0.000000,35.000000
8.197500,0.000000,0.000000,0.000000,43.000000,0.000000,43.000000
8.202500,0.000000,1.000000,0.000000,33.000000,0.000000,34.000000
8.207500,0.000000,0.000000,0.000000,39.000000,0.000000,39.000000
8.212500,0.000000,0.000000,0.000000,27.000000,0.000000,27.000000
8.217500,0.000000,0.000000,0.000000,44.000000,1.000000,45.000000
8.222500,0.000000,0.000000,0.000000,37.000000,0.000000,37.000000
8.227500,0.000000,0.000000,0.000000,45.000000,0.000000,45.000000
8.232500,0.000000,0.000000,0.000000,31.000000,0.000000,31.000000
8.237500,0.000000,0.000000,0.000000,49.000000,0.000000,49.000000
8.242500,0.000000,0.000000,0.000000,38.000000,0.000000,38.000000
8.247500,0.000000,0.000000,0.000000,33.000000,0.000000,33.000000
8.252500,0.000000,0.000000,0.000000,39.000000,0.000000,39.000000
8.257500,0.000000,0.000000,0.000000,39.000000,0.000000,39.000000
8.262500,0.000000,0.000000,0.000000,36.000000,0.000000,36.000000
8.267500,0.000000,1.000000,0.000000,31.000000,0.000000,32.000000
8.272500,0.000000,0.000000,0.000000,40.000000,0.000000,40.000000
8.277500,0.000000,0.000000,0.000000,42.000000,0.000000,42.000000
8.282500,0.000000,0.000000,0.000000,39.000000,0.000000,39.000000
8.287500,0.000000,0.000000,0.000000,43.000000,0.000000,43.000000
8.292500,0.000000,0.000000,0.000000,36.000000,0.000000,36.000000
8.297500,0.000000,0.000000,0.000000,44.000000,0.000000,44.000000
8.302500,0.000000,0.000000,0.000000,32.000000,0.000000,32.000000
8.307500,0.000000,0.000000,0.000000,44.000000,0.000000,44.000000
8.312500,0.000000,0.000000,0.000000,42.000000,0.000000,42.000000
8.317500,0.000000,0.000000,0.000000,38.000000,0.000000,38.000000
8.322500,0.000000,0.000000,0.000000,43.000000,0.000000,43.000000
8.327500,0.000000,1.000000,0.000000,39.000000,0.000000,40.000000
8.332500,0.000000,0.000000,0.000000,37.000000,0.000000,37.000000
8.337500,0.000000,0.000000,0.000000,47.000000,0.000000,47.000000
8.342500,0.000000,0.000000,0.000000,42.000000,0.000000,42.000000
8.347500,0.000000,0.000000,0.000000,35.000000,0.000000,35.000000
8.352500,0.000000,0.000000,0.000000,37.000000,0.000000,37.000000
8.357500,0.000000,0.000000,0.000000,52.000000,0.000000,52.000000
8.362500,0.000000,0.000000,0.000000,39.000000,0.000000,39.000000
8.367500,0.000000,0.000000,0.000000,41.000000,0.000000,41.000000
8.372500,0.000000,0.000000,0.000000,47.000000,0.000000,47.000000
8.377500,0.000000,0.000000,0.000000,41.000000,0.000000,41.000000
8.382500,0.000000,0.000000,0.000000,37.000000,0.000000,37.000000
8.387500,0.000000,0.000000,0.000000,47.000000,0.000000,47.000000
8.392500,0.000000,0.000000,0.000000,42.000000,0.000000,42.000000
8.397500,0.000000,0.000000,0.000000,46.000000,0.000000,46.000000
8.402500,0.000000,0.000000,0.000000,42.000000,0.000000,42.000000
8.407500,0.000000,0.000000,0.000000,34.000000,0.000000,34.000000
8.412500,0.000000,0.000000,0.000000,46.000000,0.000000,46.000000
8.417500,0.000000,0.000000,0.000000,35.000000,0.000000,35.000000
8.422500,0.000000,0.000000,0.000000,38.000000,0.000000,38.000000
8.427500,0.000000,0.000000,0.000000,44.000000,0.000000,44.000000
8.432500,0.000000,1.000000,0.000000,36.000000,0.000000,37.000000
8.437500,0.000000,0.000000,0.000000,45.000000,0.000000,45.000000
8.442500,0.000000,0.000000,0.000000,32.000000,0.000000,32.000000
8.447500,0.000000,0.000000,0.000000,38.000000,0.000000,38.000000
8.452500,0.000000,0.000000,0.000000,28.000000,0.000000,28.000000
8.457500,0.000000,0.000000,0.000000,38.000000,0.000000,38.000000
8.462500,0.000000,0.000000,0.000000,35.000000,0.000000,35.000000
8.467500,0.000000,0.000000,0.000000,38.000000,0.000000,38.000000
8.472500,0.000000,0.000000,0.000000,50.000000,0.000000,50.000000
8.477500,0.000000,0.000000,0.000000,47.000000,0.000000,47.000000
8.482500,0.000000,0.000000,0.000000,38.000000,0.000000,38.000000
8.487500,0.000000,0.000000,0.000000,32.000000,0.000000,32.000000
8.492500,0.000000,0.000000,0.000000,39.000000,0.000000,39.000000
8.497500,0.000000,0.000000,0.000000,44.000000,0.000000,44.000000
8.502500,0.000000,0.000000,0.000000,41.000000,0.000000,41.000000
8.507500,0.000000,0.000000,0.000000,35.000000,0.000000,35.000000
8.512500,0.000000,0.000000,0.000000,30.000000,0.000000,30.000000
8.517500,0.000000,0.000000,0.000000,37.000000,0.000000,37.000000
8.522500,0.000000,0.000000,0.000000,41.000000,0.000000,41.000000
8.527500,0.000000,0.000000,0.000000,35.000000,0.000000,35.000000
8.532500,0.000000,0.000000,0.000000,29.000000,0.000000,29.000000
8.537500,0.000000,0.000000,0.000000,42.000000,0.000000,42.000000
8.542500,0.000000,0.000000,0.000000,36.000000,0.000000,36.000000
8.547500,0.000000,0.000000,0.000000,35.000000,0.000000,35.000000
8.552500,0.000000,0.000000,0.000000,38.000000,0.000000,38.000000
8.557500,0.000000,0.000000,0.000000,44.000000,0.000000,44.000000
8.562500,0.000000,0.000000,0.000000,34.000000,0.000000,34.000000
8.567500,0.000000,0.000000,0.000000,36.000000,0.000000,36.000000
8.572500,0.000000,0.000000,0.000000,32.000000,0.000000,32.000000
8.577500,0.000000,0.000000,0.000000,27.000000,0.000000,27.000000
8.582500,0.000000,0.000000,0.000000,31.000000,0.000000,31.000000
8.587500,0.000000,0.000000,0.000000,32.000000,0.000000,32.000000
8.592500,0.000000,0.000000,0.000000,45.000000,0.000000,45.000000
8.597500,0.000000,0.000000,0.000000,33.000000,0.000000,33.000000
8.602500,0.000000,0.000000,0.000000,46.000000,0.000000,46.000000
8.607500,0.000000,0.000000,0.000000,38.000000,0.000000,38.000000
8.612500,0.000000,0.000000,0.000000,49.000000,0.000000,49.000000
8.617500,0.000000,0.000000,0.000000,35.000000,0.000000,35.000000
8.622500,0.000000,0.000000,0.000000,35.000000,0.000000,35.000000
8.627500,0.000000,0.000000,0.000000,42.000000,0.000000,42.000000
8.632500,0.000000,0.000000,0.000000,41.000000,0.000000,41.000000
8.637500,0.000000,1.000000,0.000000,45.000000,0.000000,46.000000
8.642500,0.000000,0.000000,0.000000,35.000000,0.000000,35.000000
8.647500,0.000000,0.000000,0.000000,48.000000,0.000000,48.000000
8.652500,0.000000,0.000000,0.000000,50.000000,0.000000,50.000000
8.657500,0.000000,0.000000,0.000000,34.000000,0.000000,34.000000
8.662500,0.000000,0.000000,0.000000,41.000000,0.000000,41.000000
8.667500,0.000000,0.000000,0.000000,35.000000,0.000000,35.000000
8.672500,0.000000,0.000000,0.000000,46.000000,0.000000,46.000000
8.677500,0.000000,0.000000,0.000000,38.000000,0.000000,38.000000
8.682500,0.000000,0.000000,0.000000,54.000000,0.000000,54.000000
8.687500,0.000000,0.000000,0.000000,30.000000,0.000000,30.000000
8.692500,0.000000,0.000000,0.000000,30.000000,0.000000,30.000000
8.697500,0.000000,0.000000,0.000000,33.000000,0.000000,33.000000
8.702500,0.000000,0.000000,0.000000,46.000000,0.000000,46.000000
8.707500,0.000000,0.000000,0.000000,27.000000,0.000000,27.000000
8.712500,0.000000,0.000000,0.000000,43.000000,0.000000,43.000000
8.717500,0.000000,1.000000,0.000000,37.000000,0.000000,38.000000
8.722500,0.000000,1.000000,0.000000,37.000000,0.000000,38.000000
8.727500,0.000000,0.000000,0.000000,43.000000,0.000000,43.000000
8.732500,0.000000,0.000000,0.000000,35.000000,0.000000,35.000000
8.737500,0.000000,0.000000,0.000000,46.000000,0.000000,46.000000
8.742500,0.000000,0.000000,0.000000,29.000000,0.000000,29.000000
8.747500,0.000000,0.000000,0.000000,38.000000,0.000000,38.000000
8.752500,0.000000,0.000000,0.000000,40.000000,0.000000,40.000000
8.757500,0.000000,0.000000,0.000000,23.000000,0.000000,23.000000
8.762500,0.000000,0.000000,0.000000,40.000000,0.000000,40.000000
8.767500,0.000000,0.000000,0.000000,37.000000,0.000000,37.000000
8.772500,0.000000,0.000000,0.000000,50.000000,0.000000,50.000000
8.777500,0.000000,0.000000,0.000000,32.000000,0.000000,32.000000
8.782500,0.000000,0.000000,0.000000,31.000000,0.000000,31.000000
8.787500,0.000000,0.000000,0.000000,44.000000,0.000000,44.000000
8.792500,0.000000,0.000000,0.000000,39.000000,0.000000,39.000000
8.797500,0.000000,0.000000,0.000000,31.000000,0.000000,31.000000
8.802500,0.000000,0.000000,0.000000,47.000000,0.000000,47.000000
8.807500,0.000000,0.000000,0.000000,45.000000,0.000000,45.000000
8.812500,0.000000,0.000000,0.000000,34.000000,0.000000,34.000000
8.817500,0.000000,0.000000,0.000000,44.000000,0.000000,44.000000
8.822500,0.000000,0.000000,0.000000,25.000000,0.000000,25.000000
8.827500,0.000000,0.000000,0.000000,37.000000,0.000000,37.000000
8.832500,0.000000,0.000000,0.000000,25.000000,0.000000,25.000000
8.837500,0.000000,0.000000,0.000000,41.000000,0.000000,41.000000
8.842500,0.000000,0.000000,0.000000,37.000000,0.000000,37.000000
8.847500,0.000000,0.000000,0.000000,35.000000,0.000000,35.000000
8.852500,0.000000,0.000000,0.000000,37.000000,0.000000,37.000000
8.857500,0.000000,0.000000,0.000000,34.000000,0.000000,34.000000
8.862500,0.000000,0.000000,0.000000,36.000000,0.000000,36.000000
8.867500,0.000000,0.000000,0.000000,49.000000,0.000000,49.000000
8.872500,0.000000,0.000000,0.000000,27.000000,0.000000,27.000000
8.877500,0.000000,0.000000,0.000000,39.000000,0.000000,39.000000
8.882500,0.000000,0.000000,0.000000,40.000000,0.000000,40.000000
8.887500,0.000000,0.000000,0.000000,30.000000,0.000000,30.000000
8.892500,0.000000,0.000000,0.000000,40.000000,0.000000,40.000000
8.897500,0.000000,0.000000,0.000000,41.000000,0.000000,41.000000
8.902500,0.000000,0.000000,0.000000,25.000000,0.000000,25.000000
8.907500,0.000000,0.000000,0.000000,25.000000,0.000000,25.000000
8.912500,0.000000,1.000000,0.000000,38.000000,0.000000,39.000000
8.917500,0.000000,0.000000,0.000000,36.000000,0.000000,36.000000
8.922500,0.000000,0.000000,0.000000,38.000000,0.000000,38.000000
8.927500,0.000000,0.000000,0.000000,36.000000,0.000000,36.000000
8.932500,0.000000,0.000000,0.000000,40.000000,0.000000,40.000000
8.937500,0.000000,0.000000,0.000000,34.000000,0.000000,34.000000
8.942500,0.000000,0.000000,0.000000,41.000000,0.000000,41.000000
8.947500,0.000000,0.000000,0.000000,34.000000,0.000000,34.000000
8.952500,0.000000,0.000000,0.000000,34.000000,0.000000,34.000000
8.957500,0.000000,0.000000,0.000000,34.000000,0.000000,34.000000
8.962500,0.000000,0.000000,0.000000,35.000000,0.000000,35.000000
8.967500,0.000000,0.000000,0.000000,35.000000,0.000000,35.000000
8.972500,0.000000,0.000000,0.000000,41.000000,0.000000,41.000000
8.977500,0.000000,0.000000,0.000000,37.000000,0.000000,37.000000
8.982500,0.000000,0.000000,0.000000,36.000000,0.000000,36.000000
8.987500,0.000000,0.000000,0.000000,30.000000,0.000000,30.000000
8.992500,0.000000,0.000000,0.000000,25.000000,0.000000,25.000000
8.997500,0.000000,0.000000,0.000000,32.000000,0.000000,32.000000
9.002500,0.000000,0.000000,0.000000,40.000000,0.000000,40.000000
9.007500,0.000000,0.000000,0.000000,34.000000,0.000000,34.000000
9.012500,0.000000,0.000000,0.000000,37.000000,0.000000,37.000000
9.017500,0.000000,0.000000,0.000000,34.000000,0.000000,34.000000
9.022500,0.000000,0.000000,0.000000,40.000000,0.000000,40.000000
9.027500,0.000000,0.000000,0.000000,39.000000,0.000000,39.000000
9.032500,0.000000,0.000000,0.000000,37.000000,0.000000,37.000000
9.037500,0.000000,0.000000,0.000000,32.000000,0.000000,32.000000
9.042500,0.000000,0.000000,0.000000,39.000000,0.000000,39.000000
9.047500,0.000000,0.000000,0.000000,32.000000,0.000000,32.000000
9.052500,0.000000,0.000000,0.000000,35.000000,0.000000,35.000000
9.057500,0.000000,0.000000,0.000000,35.000000,0.000000,35.000000
9.062500,0.000000,0.000000,0.000000,47.000000,0.000000,47.000000
9.067500,0.000000,0.000000,0.000000,38.000000,0.000000,38.000000
9.072500,0.000000,0.000000,0.000000,37.000000,0.000000,37.000000
9.077500,0.000000,0.000000,0.000000,32.000000,0.000000,32.000000
9.082500,0.000000,0.000000,0.000000,36.000000,0.000000,36.000000
9.087500,0.000000,0.000000,0.000000,46.000000,0.000000,46.000000
9.092500,0.000000,0.000000,0.000000,39.000000,0.000000,39.000000
9.097500,0.000000,0.000000,0.000000,30.000000,0.000000,30.000000
9.102500,0.000000,0.000000,0.000000,22.000000,0.000000,22.000000
9.107500,0.000000,0.000000,0.000000,46.000000,0.000000,46.000000
9.112500,0.000000,0.000000,0.000000,30.000000,0.000000,30.000000
9.117500,0.000000,0.000000,0.000000,35.000000,0.000000,35.000000
9.122500,0.000000,0.000000,0.000000,33.000000,0.000000,33.000000
9.127500,0.000000,0.000000,0.000000,28.000000,0.000000,28.000000
9.132500,0.000000,0.000000,0.000000,28.000000,0.000000,28.000000
9.137500,0.000000,0.000000,0.000000,36.000000,0.000000,36.000000
9.142500,0.000000,0.000000,0.000000,35.000000,0.000000,35.000000
9.147500,0.000000,0.000000,0.000000,50.000000,0.000000,50.000000
9.152500,0.000000,0.000000,0.000000,44.000000,0.000000,44.000000
9.157500,0.000000,0.000000,0.000000,29.000000,0.000000,29.000000
9.162500,0.000000,0.000000,0.000000,36.000000,0.000000,36.000000
9.167500,0.000000,0.000000,0.000000,59.000000,0.000000,59.000000
9.172500,0.000000,0.000000,0.000000,32.000000,0.000000,32.000000
9.177500,0.000000,0.000000,0.000000,24.000000,0.000000,24.000000
9.182500,0.000000,0.000000,0.000000,34.000000,0.000000,34.000000
9.187500,0.000000,0.000000,0.000000,33.000000,0.000000,33.000000
9.192500,0.000000,0.000000,0.000000,35.000000,0.000000,35.000000
9.197500,0.000000,0.000000,0.000000,36.000000,0.000000,36.000000
9.202500,0.000000,0.000000,0.000000,38.000000,0.000000,38.000000
9.207500,0.000000,0.000000,0.000000,40.000000,0.000000,40.000000
9.212500,0.000000,0.000000,0.000000,29.000000,0.000000,29.000000
9.217500,0.000000,0.000000,0.000000,30.000000,0.000000,30.000000
9.222500,0.000000,0.000000,0.000000,40.000000,0.000000,40.000000
9.227500,0.000000,1.000000,0.000000,40.000000,0.000000,41.000000
9.232500,0.000000,0.000000,0.000000,40.000000,0.000000,40.000000
9.237500,0.000000,0.000000,0.000000,38.000000,0.000000,38.000000
9.242500,0.000000,0.000000,0.000000,35.000000,0.000000,35.000000
9.247500,0.000000,0.000000,0.000000,46.000000,0.000000,46.000000
9.252500,0.000000,0.000000,0.000000,36.000000,0.000000,36.000000
9.257500,0.000000,0.000000,0.000000,32.000000,0.000000,32.000000
9.262500,0.000000,0.000000,0.000000,28.000000,0.000000,28.000000
9.267500,0.000000,0.000000,0.000000,35.000000,0.000000,35.000000
9.272500,0.000000,0.000000,0.000000,27.000000,0.000000,27.000000
9.277500,0.000000,0.000000,0.000000,35.000000,0.000000,35.000000
9.282500,0.000000,0.000000,0.000000,40.000000,0.000000,40.000000
9.287500,0.000000,0.000000,0.000000,36.000000,0.000000,36.000000
9.292500,0.000000,0.000000,0.000000,35.000000,0.000000,35.000000
9.297500,0.000000,0.000000,0.000000,33.000000,0.000000,33.000000
9.302500,0.000000,0.000000,0.000000,40.000000,0.000000,40.000000
9.307500,0.000000,0.000000,0.000000,39.000000,0.000000,39.000000
9.312500,0.000000,0.000000,0.000000,29.000000,0.000000,29.000000
9.317500,0.000000,0.000000,0.000000,37.000000,0.000000,37.000000
9.322500,0.000000,0.000000,0.000000,25.000000,0.000000,25.000000
9.327500,0.000000,0.000000,0.000000,37.000000,0.000000,37.000000
9.332500,0.000000,0.000000,0.000000,35.000000,0.000000,35.000000
9.337500,0.000000,0.000000,0.000000,42.000000,0.000000,42.000000
9.342500,0.000000,0.000000,0.000000,45.000000,0.000000,45.000000
9.347500,0.000000,0.000000,0.000000,35.000000,0.000000,35.000000
9.352500,0.000000,0.000000,0.000000,33.000000,0.000000,33.000000
9.357500,0.000000,0.000000,0.000000,47.000000,0.000000,47.000000
9.362500,0.000000,0.000000,0.000000,33.000000,0.000000,33.000000
9.367500,0.000000,0.000000,0.000000,47.000000,0.000000,47.000000
9.372500,0.000000,0.000000,0.000000,37.000000,0.000000,37.000000
9.377500,0.000000,0.000000,0.000000,33.000000,0.000000,33.000000
9.382500,0.000000,0.000000,0.000000,40.000000,0.000000,40.000000
9.387500,0.000000,0.000000,0.000000,28.000000,0.000000,28.000000
9.392500,0.000000,0.000000,0.000000,31.000000,0.000000,31.000000
9.397500,0.000000,0.000000,0.000000,43.000000,0.000000,43.000000
9.402500,0.000000,0.000000,0.000000,33.000000,0.000000,33.000000
9.407500,0.000000,0.000000,0.000000,30.000000,0.000000,30.000000
9.412500,0.000000,0.000000,0.000000,34.000000,0.000000,34.000000
9.417500,0.000000,0.000000,0.000000,31.000000,0.000000,31.000000
9.422500,0.000000,0.000000,0.000000,38.000000,0.000000,38.000000
9.427500,0.000000,0.000000,0.000000,35.000000,0.000000,35.000000
9.432500,0.000000,0.000000,0.000000,42.000000,0.000000,42.000000
9.437500,0.000000,0.000000,0.000000,42.000000,0.000000,42.000000
9.442500,0.000000,0.000000,0.000000,37.000000,0.000000,37.000000
9.447500,0.000000,0.000000,0.000000,29.000000,0.000000,29.000000
9.452500,0.000000,0.000000,0.000000,30.000000,0.000000,30.000000
9.457500,0.000000,0.000000,0.000000,29.000000,0.000000,29.000000
9.462500,0.000000,0.000000,0.000000,33.000000,0.000000,33.000000
9.467500,0.000000,0.000000,0.000000,30.000000,0.000000,30.000000
9.472500,0.000000,0.000000,0.000000,30.000000,0.000000,30.000000
9.477500,0.000000,0.000000,0.000000,36.000000,0.000000,36.000000
9.482500,0.000000,0.000000,0.000000,34.000000,0.000000,34.000000
9.487500,0.000000,0.000000,0.000000,33.000000,0.000000,33.000000
9.492500,0.000000,0.000000,0.000000,32.000000,0.000000,32.000000
9.497500,0.000000,0.000000,0.000000,36.000000,0.000000,36.000000
9.502500,0.000000,0.000000,0.000000,31.000000,0.000000,31.000000
9.507500,0.000000,0.000000,0.000000,39.000000,0.000000,39.000000
9.512500,0.000000,0.000000,0.000000,29.000000,0.000000,29.000000
9.517500,0.000000,0.000000,0.000000,37.000000,0.000000,37.000000
9.522500,0.000000,0.000000,0.000000,30.000000,0.000000,30.000000
9.527500,0.000000,0.000000,0.000000,34.000000,0.000000,34.000000
9.532500,0.000000,0.000000,0.000000,30.000000,0.000000,30.000000
9.537500,0.000000,0.000000,0.000000,33.000000,0.000000,33.000000
9.542500,0.000000,0.000000,0.000000,27.000000,0.000000,27.000000
9.547500,0.000000,0.000000,0.000000,30.000000,0.000000,30.000000
9.552500,0.000000,0.000000,0.000000,38.000000,0.000000,38.000000
9.557500,0.000000,0.000000,0.000000,31.000000,0.000000,31.000000
9.562500,0.000000,0.000000,0.000000,34.000000,0.000000,34.000000
9.567500,0.000000,1.000000,0.000000,31.000000,0.000000,32.000000
9.572500,0.000000,0.000000,0.000000,34.000000,0.000000,34.000000
9.577500,0.000000,0.000000,0.000000,47.000000,0.000000,47.000000
9.582500,0.000000,0.000000,0.000000,33.000000,0.000000,33.000000
9.587500,0.000000,0.000000,0.000000,35.000000,0.000000,35.000000
9.592500,0.000000,0.000000,0.000000,26.000000,0.000000,26.000000
9.597500,0.000000,0.000000,0.000000,32.000000,0.000000,32.000000
9.602500,0.000000,0.000000,0.000000,27.000000,0.000000,27.000000
9.607500,0.000000,0.000000,0.000000,29.000000,0.000000,29.000000
9.612500,0.000000,0.000000,0.000000,38.000000,0.000000,38.000000
9.617500,0.000000,0.000000,0.000000,39.000000,0.000000,39.000000
9.622500,0.000000,0.000000,0.000000,37.000000,0.000000,37.000000
9.627500,0.000000,0.000000,0.000000,39.000000,0.000000,39.000000
9.632500,0.000000,0.000000,0.000000,38.000000,0.000000,38.000000
9.637500,0.000000,0.000000,0.000000,29.000000,0.000000,29.000000
9.642500,0.000000,0.000000,0.000000,39.000000,0.000000,39.000000
9.647500,0.000000,0.000000,0.000000,28.000000,0.000000,28.000000
9.652500,0.000000,0.000000,0.000000,25.000000,0.000000,25.000000
9.657500,0.000000,0.000000,0.000000,29.000000,0.000000,29.000000
9.662500,0.000000,0.000000,0.000000,38.000000,0.000000,38.000000
9.667500,0.000000,0.000000,0.000000,31.000000,0.000000,31.000000
9.672500,0.000000,0.000000,0.000000,31.000000,0.000000,31.000000
9.677500,0.000000,0.000000,0.000000,33.000000,0.000000,33.000000
9.682500,0.000000,0.000000,0.000000,36.000000,0.000000,36.000000
9.687500,0.000000,0.000000,0.000000,34.000000,0.000000,34.000000
9.692500,0.000000,0.000000,0.000000,35.000000,0.000000,35.000000
9.697500,0.000000,0.000000,0.000000,35.000000,0.000000,35.000000
9.702500,0.000000,0.000000,0.000000,25.000000,0.000000,25.000000
9.707500,0.000000,0.000000,0.000000,30.000000,0.000000,30.000000
9.712500,0.000000,0.000000,0.000000,28.000000,0.000000,28.000000
9.717500,0.000000,0.000000,0.000000,41.000000,0.000000,41.000000
9.722500,0.000000,0.000000,0.000000,31.000000,0.000000,31.000000
9.727500,0.000000,0.000000,0.000000,29.000000,0.000000,29.000000
9.732500,0.000000,0.000000,0.000000,42.000000,0.000000,42.000000
9.737500,0.000000,0.000000,0.000000,32.000000,0.000000,32.000000
9.742500,0.000000,0.000000,0.000000,28.000000,0.000000,28.000000
9.747500,0.000000,0.000000,0.000000,35.000000,0.000000,35.000000
9.752500,0.000000,0.000000,0.000000,33.000000,0.000000,33.000000
9.757500,0.000000,0.000000,0.000000,33.000000,0.000000,33.000000
9.762500,0.000000,0.000000,0.000000,26.000000,0.000000,26.000000
9.767500,0.000000,0.000000,0.000000,26.000000,0.000000,26.000000
9.772500,0.000000,0.000000,0.000000,38.000000,0.000000,38.000000
9.777500,0.000000,0.000000,0.000000,29.000000,0.000000,29.000000
9.782500,0.000000,0.000000,0.000000,35.000000,0.000000,35.000000
9.787500,0.000000,0.000000,0.000000,25.000000,0.000000,25.000000
9.792500,0.000000,0.000000,0.000000,30.000000,0.000000,30.000000
9.797500,0.000000,0.000000,0.000000,20.000000,0.000000,20.000000
9.802500,0.000000,0.000000,0.000000,33.000000,0.000000,33.000000
9.807500,0.000000,0.000000,0.000000,31.000000,0.000000,31.000000
9.812500,0.000000,0.000000,0.000000,32.000000,0.000000,32.000000
9.817500,0.000000,0.000000,0.000000,43.000000,0.000000,43.000000
9.822500,0.000000,0.000000,0.000000,33.000000,0.000000,33.000000
9.827500,0.000000,0.000000,0.000000,30.000000,0.000000,30.000000
9.832500,0.000000,0.000000,0.000000,46.000000,0.000000,46.000000
9.837500,0.000000,0.000000,0.000000,34.000000,0.000000,34.000000
9.842500,0.000000,0.000000,0.000000,30.000000,0.000000,30.000000
9.847500,0.000000,0.000000,0.000000,24.000000,0.000000,24.000000
9.852500,0.000000,0.000000,0.000000,38.000000,0.000000,38.000000
9.857500,0.000000,0.000000,0.000000,38.000000,0.000000,38.000000
9.862500,0.000000,0.000000,0.000000,31.000000,0.000000,31.000000
9.867500,0.000000,0.000000,0.000000,29.000000,0.000000,29.000000
9.872500,0.000000,0.000000,0.000000,22.000000,0.000000,22.000000
9.877500,0.000000,0.000000,0.000000,26.000000,0.000000,26.000000
9.882500,0.000000,0.000000,0.000000,37.000000,0.000000,37.000000
9.887500,0.000000,0.000000,0.000000,23.000000,0.000000,23.000000
9.892500,0.000000,0.000000,0.000000,24.000000,0.000000,24.000000
9.897500,0.000000,0.000000,0.000000,33.000000,0.000000,33.000000
9.902500,0.000000,0.000000,0.000000,40.000000,0.000000,40.000000
9.907500,0.000000,0.000000,0.000000,41.000000,0.000000,41.000000
9.912500,0.000000,0.000000,0.000000,45.000000,0.000000,45.000000
9.917500,0.000000,0.000000,0.000000,41.000000,0.000000,41.000000
9.922500,0.000000,0.000000,0.000000,22.000000,0.000000,22.000000
9.927500,0.000000,0.000000,0.000000,32.000000,0.000000,32.000000
9.932500,0.000000,0.000000,0.000000,26.000000,0.000000,26.000000
9.937500,0.000000,0.000000,0.000000,30.000000,0.000000,30.000000
9.942500,0.000000,0.000000,0.000000,27.000000,0.000000,27.000000
9.947500,0.000000,0.000000,0.000000,25.000000,0.000000,25.000000
9.952500,0.000000,0.000000,0.000000,30.000000,0.000000,30.000000
9.957500,0.000000,0.000000,0.000000,38.000000,0.000000,38.000000
9.962500,0.000000,0.000000,0.000000,37.000000,0.000000,37.000000
9.967500,0.000000,0.000000,0.000000,30.000000,0.000000,30.000000
9.972500,0.000000,0.000000,0.000000,27.000000,0.000000,27.000000
9.977500,0.000000,0.000000,0.000000,26.000000,0.000000,26.000000
9.982500,0.000000,0.000000,0.000000,28.000000,0.000000,28.000000
9.987500,0.000000,0.000000,0.000000,22.000000,0.000000,22.000000
9.992500,0.000000,0.000000,0.000000,29.000000,0.000000,29.000000
9.997500,0.000000,0.000000,0.000000,33.000000,0.000000,33.000000
